0;0.276721;0.5293065
1.221213169;0.276621;0.5293065
1.230989329;0.276721;0.5292065
1.240765489;0.276821;0.5293065
1.250541649;0.277021;0.5293065
1.260317809;0.277121;0.5293065
1.270093969;0.277321;0.5293065
1.279870129;0.277621;0.5293065
1.289646289;0.277921;0.5293065
1.299422449;0.278321;0.5293065
1.309198609;0.278721;0.5293065
1.318974769;0.279221;0.5293065
1.328750929;0.279821;0.5293065
1.338527089;0.280421;0.5293065
1.348303249;0.281121;0.5293065
1.358079409;0.281821;0.5293065
1.367855569;0.282621;0.5293065
1.377631729;0.283521;0.5293065
1.387407889;0.284521;0.5293065
1.397184049;0.285621;0.5292065
1.406960209;0.286721;0.5291065
1.416736369;0.287921;0.5291065
1.426512529;0.289221;0.5291065
1.436288689;0.290721;0.5291065
1.446064849;0.292221;0.5291065
1.455841009;0.293721;0.5290065
1.465617169;0.295421;0.5291065
1.475393328;0.297221;0.5291065
1.485169488;0.299121;0.5292065
1.494945648;0.301021;0.5293065
1.504721808;0.303021;0.5293065
1.514497968;0.305221;0.5293065
1.524274128;0.307421;0.5293065
1.534050288;0.309721;0.5294065
1.543826448;0.312021;0.5294065
1.553602608;0.314521;0.5293065
1.563378768;0.317121;0.5294065
1.573154928;0.319721;0.5293065
1.582931088;0.322221;0.5292065
1.592707248;0.324921;0.5290065
1.602483408;0.327921;0.5291065
1.612259568;0.330821;0.5290065
1.622035728;0.333421;0.5292065
1.631811888;0.336321;0.5290065
1.641588048;0.339321;0.5291065
1.651364208;0.342321;0.5291065
1.661140368;0.345721;0.5290065
1.670916528;0.349021;0.5291065
1.680692688;0.352321;0.5291065
1.690468848;0.355621;0.5291065
1.700245008;0.359021;0.5290065
1.710021168;0.362321;0.5293065
1.719797328;0.365721;0.5292065
1.729573488;0.369121;0.5292065
1.739349648;0.372621;0.5292065
1.749125808;0.376421;0.5291065
1.758901968;0.380221;0.5290065
1.768678128;0.383621;0.5288065
1.778454288;0.386821;0.5288065
1.788230448;0.390521;0.5288065
1.798006608;0.394721;0.5287065
1.807782768;0.398421;0.5287065
1.817558928;0.402121;0.5285065
1.827335088;0.406321;0.5284065
1.837111248;0.410521;0.5285065
1.846887407;0.414221;0.5285065
1.856663567;0.418021;0.5284065
1.866439727;0.421921;0.5285065
1.876215887;0.426021;0.5285065
1.885992047;0.429921;0.5287065
1.895768207;0.434021;0.5287065
1.905544367;0.438221;0.5287065
1.915320527;0.441921;0.5286065
1.925096687;0.445521;0.5286065
1.934872847;0.449721;0.5287065
1.944649007;0.454021;0.5286065
1.954425167;0.457921;0.5287065
1.964201327;0.461821;0.5287065
1.973977487;0.466221;0.5286065
1.983753647;0.470421;0.5286065
1.993529807;0.474121;0.5285065
2.003305967;0.477821;0.5285065
2.013082127;0.482021;0.5284065
2.022858287;0.486121;0.5284065
2.032634447;0.490221;0.5283065
2.042410607;0.494321;0.5284065
2.052186767;0.498621;0.5282065
2.061962927;0.502421;0.5282065
2.071739087;0.506321;0.5282065
2.081515247;0.510521;0.5282065
2.091291407;0.514621;0.5282065
2.101067567;0.518621;0.5282065
2.110843727;0.522721;0.5282065
2.120619887;0.527021;0.5282065
2.130396047;0.530821;0.5282065
2.140172207;0.534521;0.5282065
2.149948367;0.538621;0.5282065
2.159724527;0.542521;0.5282065
2.169500687;0.546521;0.5282065
2.179276847;0.550621;0.5282065
2.189053007;0.554521;0.5282065
2.198829167;0.558721;0.5282065
2.208605327;0.562521;0.5282065
2.218381486;0.566321;0.5282065
2.228157646;0.570521;0.5282065
2.237933806;0.574521;0.5282065
2.247709966;0.578221;0.5282065
2.257486126;0.582321;0.5282065
2.267262286;0.586521;0.5272065
2.277038446;0.590121;0.5282065
2.286814606;0.593821;0.5272065
2.296590766;0.597821;0.5272065
2.306366926;0.601921;0.5282065
2.316143086;0.605821;0.5272065
2.325919246;0.609321;0.5272065
2.335695406;0.613621;0.5272065
2.345471566;0.617921;0.5272065
2.355247726;0.621121;0.5272065
2.365023886;0.624821;0.5272065
2.374800046;0.628721;0.5272065
2.384576206;0.632621;0.5272065
2.394352366;0.636521;0.5282065
2.404128526;0.640121;0.5272065
2.413904686;0.644121;0.5272065
2.423680846;0.648021;0.5262065
2.433457006;0.651521;0.5262065
2.443233166;0.655221;0.5262065
2.453009326;0.659021;0.5262065
2.462785486;0.662921;0.5262065
2.472561646;0.666321;0.5262065
2.482337806;0.669921;0.5262065
2.492113966;0.674021;0.5262065
2.501890126;0.677621;0.5262065
2.511666286;0.680921;0.5252065
2.521442446;0.684621;0.5252065
2.531218606;0.688621;0.5252065
2.540994766;0.692421;0.5282065
2.550770926;0.695721;0.5252065
2.560547086;0.699521;0.5282065
2.570323246;0.703621;0.5252065
2.580099406;0.707121;0.5252065
2.589875565;0.710421;0.5252065
2.599651725;0.714221;0.5252065
2.609427885;0.717921;0.5252065
2.619204045;0.721721;0.5252065
2.628980205;0.724921;0.5282065
2.638756365;0.728421;0.5282065
2.648532525;0.732321;0.5252065
2.658308685;0.735821;0.5252065
2.668084845;0.739221;0.5242065
2.677861005;0.742821;0.5242065
2.687637165;0.746121;0.5252065
2.697413325;0.749921;0.5242065
2.707189485;0.753421;0.5252065
2.716965645;0.756621;0.5252065
2.726741805;0.760521;0.5242065
2.736517965;0.763821;0.5242065
2.746294125;0.767121;0.5242065
2.756070285;0.770721;0.5242065
2.765846445;0.774221;0.5242065
2.775622605;0.777821;0.5242065
2.785398765;0.780921;0.5282065
2.795174925;0.784121;0.5242065
2.804951085;0.787821;0.5242065
2.814727245;0.791321;0.5242065
2.824503405;0.794421;0.5242065
2.834279565;0.797721;0.5242065
2.844055725;0.801221;0.5242065
2.853831885;0.804721;0.5282065
2.863608045;0.807921;0.5242065
2.873384205;0.811021;0.5242065
2.883160365;0.814321;0.5242065
2.892936525;0.817821;0.5242065
2.902712685;0.821221;0.5242065
2.912488845;0.824321;0.5242065
2.922265005;0.827621;0.5242065
2.932041165;0.831221;0.5242065
2.941817325;0.834521;0.5282065
2.951593485;0.837521;0.5242065
2.961369644;0.840721;0.5242065
2.971145804;0.844121;0.5242065
2.980921964;0.847521;0.5242065
2.990698124;0.850621;0.5242065
3.000474284;0.853721;0.5232065
3.010250444;0.857121;0.5232065
3.020026604;0.860121;0.5232065
3.029802764;0.863321;0.5232065
3.039578924;0.866621;0.5232065
3.049355084;0.869721;0.5232065
3.059131244;0.872921;0.5232065
3.068907404;0.876221;0.5232065
3.078683564;0.879621;0.5232065
3.088459724;0.882921;0.5232065
3.098235884;0.886021;0.5282065
3.108012044;0.889221;0.5232065
3.117788204;0.892621;0.5232065
3.127564364;0.895821;0.5232065
3.137340524;0.898821;0.5232065
3.147116684;0.902021;0.5232065
3.156892844;0.905321;0.5232065
3.166669004;0.908521;0.5232065
3.176445164;0.911621;0.5232065
3.186221324;0.914821;0.5282065
3.195997484;0.917821;0.5232065
3.205773644;0.921221;0.5232065
3.215549804;0.924421;0.5282065
3.225325964;0.927321;0.5232065
3.235102124;0.930521;0.5232065
3.244878284;0.933721;0.5232065
3.254654444;0.936821;0.5232065
3.264430604;0.940021;0.5282065
3.274206764;0.943221;0.5232065
3.283982924;0.946421;0.5282065
3.293759084;0.949221;0.5232065
3.303535244;0.952421;0.5232065
3.313311404;0.955821;0.5232065
3.323087564;0.958621;0.5232065
3.332863723;0.961721;0.5232065
3.342639883;0.965121;0.5282065
3.352416043;0.968221;0.5232065
3.362192203;0.971221;0.5232065
3.371968363;0.974321;0.5232065
3.381744523;0.977521;0.5232065
3.391520683;0.980921;0.5232065
3.401296843;0.983821;0.5232065
3.411073003;0.986821;0.5232065
3.420849163;0.990021;0.5232065
3.430625323;0.993321;0.5232065
3.440401483;0.996321;0.5282065
3.450177643;0.999321;0.5232065
3.459953803;1.002621;0.5232065
3.469729963;1.005621;0.5232065
3.479506123;1.008521;0.5232065
3.489282283;1.011721;0.5232065
3.499058443;1.014821;0.5222065
3.508834603;1.017821;0.5222065
3.518610763;1.021121;0.5222065
3.528386923;1.024221;0.5222065
3.538163083;1.027121;0.5222065
3.547939243;1.030321;0.5232065
3.557715403;1.033521;0.5222065
3.567491563;1.036621;0.5282065
3.577267723;1.039921;0.5282065
3.587043883;1.043121;0.5282065
3.596820043;1.046121;0.5232065
3.606596203;1.049321;0.5232065
3.616372363;1.052721;0.5232065
3.626148523;1.055721;0.5282065
3.635924683;1.058721;0.5232065
3.645700843;1.062121;0.5232065
3.655477003;1.065221;0.5232065
3.665253163;1.068321;0.5232065
3.675029323;1.071721;0.5282065
3.684805483;1.074821;0.5282065
3.694581643;1.077921;0.5232065
3.704357802;1.081321;0.5232065
3.714133962;1.084421;0.5232065
3.723910122;1.087621;0.5232065
3.733686282;1.090921;0.5232065
3.743462442;1.094021;0.5232065
3.753238602;1.097121;0.5232065
3.763014762;1.100421;0.5232065
3.772790922;1.103621;0.5232065
3.782567082;1.106921;0.5232065
3.792343242;1.110221;0.5232065
3.802119402;1.113321;0.5232065
3.811895562;1.116521;0.5232065
3.821671722;1.120021;0.5232065
3.831447882;1.123421;0.5232065
3.841224042;1.126321;0.5222065
3.851000202;1.129721;0.5282065
3.860776362;1.133121;0.5222065
3.870552522;1.136221;0.5282065
3.880328682;1.139521;0.5232065
3.890104842;1.142821;0.5232065
3.899881002;1.145921;0.5232065
3.909657162;1.149221;0.5232065
3.919433322;1.152521;0.5232065
3.929209482;1.155921;0.5232065
3.938985642;1.159421;0.5232065
3.948761802;1.162521;0.5232065
3.958537962;1.165821;0.5232065
3.968314122;1.169321;0.5232065
3.978090282;1.172921;0.5232065
3.987866442;1.176421;0.5232065
3.997642602;1.179421;0.5232065
4.007418762;1.182721;0.5232065
4.017194922;1.186421;0.5232065
4.026971082;1.189921;0.5232065
4.036747242;1.193021;0.5232065
4.046523402;1.196321;0.5232065
4.056299562;1.200121;0.5232065
4.066075722;1.203621;0.5232065
4.075851881;1.206821;0.5232065
4.085628041;1.210321;0.5232065
4.095404201;1.213821;0.5232065
4.105180361;1.217321;0.5232065
4.114956521;1.220721;0.5232065
4.124732681;1.224121;0.5232065
4.134508841;1.227621;0.5232065
4.144285001;1.231321;0.5232065
4.154061161;1.234621;0.5232065
4.163837321;1.238021;0.5232065
4.173613481;1.241521;0.5232065
4.183389641;1.245121;0.5232065
4.193165801;1.248621;0.5282065
4.202941961;1.251721;0.5232065
4.212718121;1.255221;0.5232065
4.222494281;1.259021;0.5232065
4.232270441;1.262521;0.5232065
4.242046601;1.265721;0.5222065
4.251822761;1.269121;0.5232065
4.261598921;1.272821;0.5222065
4.271375081;1.276521;0.5232065
4.281151241;1.279721;0.5232065
4.290927401;1.282921;0.5222065
4.300703561;1.286621;0.5232065
4.310479721;1.290421;0.5222065
4.320255881;1.293721;0.5222065
4.330032041;1.297221;0.5222065
4.339808201;1.300921;0.5232065
4.349584361;1.304521;0.5232065
4.359360521;1.307821;0.5232065
4.369136681;1.311121;0.5232065
4.378912841;1.314821;0.5222065
4.388689001;1.318521;0.5222065
4.398465161;1.321821;0.5222065
4.408241321;1.325321;0.5282065
4.418017481;1.328821;0.5222065
4.427793641;1.332121;0.5222065
4.437569801;1.335621;0.5222065
4.44734596;1.339121;0.5222065
4.45712212;1.342521;0.5222065
4.46689828;1.346121;0.5222065
4.47667444;1.349821;0.5222065
4.4864506;1.353221;0.5222065
4.49622676;1.356621;0.5282065
4.50600292;1.360021;0.5222065
4.51577908;1.363721;0.5222065
4.52555524;1.367221;0.5282065
4.5353314;1.370421;0.5222065
4.54510756;1.374021;0.5222065
4.55488372;1.377521;0.5222065
4.56465988;1.380921;0.5222065
4.57443604;1.384421;0.5222065
4.5842122;1.387521;0.5222065
4.59398836;1.391221;0.5222065
4.60376452;1.394921;0.5222065
4.61354068;1.398021;0.5232065
4.62331684;1.401421;0.5232065
4.633093;1.405021;0.5232065
4.64286916;1.408521;0.5232065
4.65264532;1.411921;0.5232065
4.66242148;1.415221;0.5232065
4.67219764;1.418521;0.5232065
4.6819738;1.422121;0.5232065
4.69174996;1.425621;0.5232065
4.70152612;1.428821;0.5232065
4.71130228;1.432221;0.5232065
4.72107844;1.435921;0.5282065
4.7308546;1.439221;0.5232065
4.74063076;1.442621;0.5232065
4.75040692;1.445921;0.5232065
4.76018308;1.449521;0.5232065
4.76995924;1.453321;0.5232065
4.7797354;1.456521;0.5232065
4.78951156;1.459721;0.5232065
4.79928772;1.463421;0.5232065
4.80906388;1.466821;0.5282065
4.818840039;1.470321;0.5232065
4.828616199;1.473621;0.5232065
4.838392359;1.476721;0.5232065
4.848168519;1.480221;0.5232065
4.857944679;1.483821;0.5232065
4.867720839;1.487121;0.5232065
4.877496999;1.490421;0.5232065
4.887273159;1.493821;0.5232065
4.897049319;1.497121;0.5232065
4.906825479;1.500821;0.5232065
4.916601639;1.504121;0.5232065
4.926377799;1.507221;0.5232065
4.936153959;1.511021;0.5232065
4.945930119;1.514521;0.5232065
4.955706279;1.517621;0.5282065
4.965482439;1.521221;0.5232065
4.975258599;1.524421;0.5232065
4.985034759;1.527721;0.5232065
4.994810919;1.531321;0.5232065
5.004587079;1.534421;0.5232065
5.014363239;1.537921;0.5232065
5.024139399;1.541521;0.5232065
5.033915559;1.544721;0.5282065
5.043691719;1.548121;0.5232065
5.053467879;1.551621;0.5232065
5.063244039;1.554921;0.5232065
5.073020199;1.558121;0.5232065
5.082796359;1.561421;0.5232065
5.092572519;1.564721;0.5232065
5.102348679;1.568121;0.5232065
5.112124839;1.571421;0.5222065
5.121900999;1.574821;0.5232065
5.131677159;1.578221;0.5232065
5.141453319;1.581521;0.5232065
5.151229479;1.584721;0.5232065
5.161005639;1.588021;0.5282065
5.170781799;1.591521;0.5232065
5.180557959;1.594721;0.5222065
5.190334118;1.598021;0.5222065
5.200110278;1.601421;0.5222065
5.209886438;1.604521;0.5222065
5.219662598;1.607921;0.5232065
5.229438758;1.611321;0.5282065
5.239214918;1.614321;0.5232065
5.248991078;1.617421;0.5232065
5.258767238;1.620621;0.5232065
5.268543398;1.624121;0.5222065
5.278319558;1.627621;0.5232065
5.288095718;1.630721;0.5232065
5.297871878;1.633721;0.5232065
5.307648038;1.637321;0.5232065
5.317424198;1.640821;0.5232065
5.327200358;1.644121;0.5232065
5.336976518;1.647321;0.5232065
5.346752678;1.650421;0.5232065
5.356528838;1.653821;0.5282065
5.366304998;1.657321;0.5232065
5.376081158;1.660521;0.5232065
5.385857318;1.663621;0.5232065
5.395633478;1.667021;0.5232065
5.405409638;1.670521;0.5232065
5.415185798;1.673721;0.5232065
5.424961958;1.677021;0.5232065
5.434738118;1.680321;0.5232065
5.444514278;1.683521;0.5282065
5.454290438;1.686921;0.5232065
5.464066598;1.690221;0.5232065
5.473842758;1.693421;0.5232065
5.483618918;1.696821;0.5232065
5.493395078;1.700221;0.5232065
5.503171238;1.703521;0.5232065
5.512947398;1.706821;0.5282065
5.522723558;1.710021;0.5232065
5.532499718;1.713421;0.5232065
5.542275878;1.716921;0.5232065
5.552052038;1.720021;0.5232065
5.561828197;1.723021;0.5232065
5.571604357;1.726521;0.5232065
5.581380517;1.730021;0.5232065
5.591156677;1.733221;0.5232065
5.600932837;1.736521;0.5232065
5.610708997;1.739921;0.5232065
5.620485157;1.743421;0.5232065
5.630261317;1.746621;0.5232065
5.640037477;1.749721;0.5232065
5.649813637;1.752821;0.5232065
5.659589797;1.756221;0.5232065
5.669365957;1.759621;0.5232065
5.679142117;1.762921;0.5232065
5.688918277;1.766421;0.5232065
5.698694437;1.769721;0.5232065
5.708470597;1.773021;0.5232065
5.718246757;1.776321;0.5232065
5.728022917;1.779521;0.5232065
5.737799077;1.782821;0.5232065
5.747575237;1.786221;0.5232065
5.757351397;1.789421;0.5232065
5.767127557;1.792821;0.5232065
5.776903717;1.796121;0.5232065
5.786679877;1.799121;0.5232065
5.796456037;1.802421;0.5232065
5.806232197;1.805921;0.5232065
5.816008357;1.809221;0.5232065
5.825784517;1.812421;0.5232065
5.835560677;1.815921;0.5282065
5.845336837;1.819321;0.5232065
5.855112997;1.822621;0.5232065
5.864889157;1.826021;0.5232065
5.874665317;1.829321;0.5232065
5.884441477;1.832821;0.5282065
5.894217637;1.836121;0.5232065
5.903993797;1.839221;0.5232065
5.913769957;1.842621;0.5282065
5.923546117;1.846121;0.5232065
5.933322276;1.849421;0.5232065
5.943098436;1.853021;0.5232065
5.952874596;1.856121;0.5232065
5.962650756;1.859321;0.5232065
5.972426916;1.863121;0.5232065
5.982203076;1.866221;0.5282065
5.991979236;1.869421;0.5232065
6.001755396;1.872921;0.5232065
6.011531556;1.876221;0.5232065
6.021307716;1.879621;0.5232065
6.031083876;1.883021;0.5232065
6.040860036;1.886121;0.5282065
6.050636196;1.889321;0.5232065
6.060412356;1.892821;0.5232065
6.070188516;1.896221;0.5232065
6.079964676;1.899221;0.5232065
6.089740836;1.902621;0.5282065
6.099516996;1.906121;0.5232065
6.109293156;1.909321;0.5242065
6.119069316;1.912621;0.5232065
6.128845476;1.915821;0.5232065
6.138621636;1.919221;0.5242065
6.148397796;1.922921;0.5232065
6.158173956;1.926021;0.5232065
6.167950116;1.929221;0.5242065
6.177726276;1.932821;0.5242065
6.187502436;1.936121;0.5242065
6.197278596;1.939521;0.5242065
6.207054756;1.943021;0.5282065
6.216830916;1.946021;0.5242065
6.226607076;1.949521;0.5242065
6.236383236;1.952921;0.5232065
6.246159396;1.956221;0.5232065
6.255935556;1.959721;0.5242065
6.265711716;1.962921;0.5232065
6.275487876;1.966221;0.5242065
6.285264036;1.969821;0.5242065
6.295040196;1.973021;0.5242065
6.304816355;1.976321;0.5242065
6.314592515;1.979921;0.5242065
6.324368675;1.983321;0.5282065
6.334144835;1.986621;0.5242065
6.343920995;1.989921;0.5242065
6.353697155;1.992921;0.5282065
6.363473315;1.996421;0.5242065
6.373249475;1.999721;0.5242065
6.383025635;2.003121;0.5282065
6.392801795;2.006521;0.5242065
6.402577955;2.009721;0.5242065
6.412354115;2.013121;0.5242065
6.422130275;2.016621;0.5242065
6.431906435;2.020121;0.5252065
6.441682595;2.023321;0.5252065
6.451458755;2.026521;0.5252065
6.461234915;2.030021;0.5252065
6.471011075;2.033321;0.5252065
6.480787235;2.036521;0.5282065
6.490563395;2.039821;0.5252065
6.500339555;2.043021;0.5252065
6.510115715;2.046621;0.5252065
6.519891875;2.050021;0.5252065
6.529668035;2.053021;0.5252065
6.539444195;2.056421;0.5242065
6.549220355;2.060121;0.5252065
6.558996515;2.063221;0.5242065
6.568772675;2.066321;0.5282065
6.578548835;2.069621;0.5242065
6.588324995;2.073021;0.5252065
6.598101155;2.076321;0.5252065
6.607877315;2.079621;0.5282065
6.617653475;2.082621;0.5282065
6.627429635;2.085921;0.5252065
6.637205795;2.089321;0.5252065
6.646981955;2.092521;0.5252065
6.656758115;2.095921;0.5252065
6.666534275;2.099021;0.5252065
6.676310434;2.102221;0.5252065
6.686086594;2.105621;0.5252065
6.695862754;2.109021;0.5252065
6.705638914;2.112321;0.5252065
6.715415074;2.115521;0.5252065
6.725191234;2.118821;0.5252065
6.734967394;2.121921;0.5252065
6.744743554;2.125321;0.5282065
6.754519714;2.128621;0.5252065
6.764295874;2.131821;0.5252065
6.774072034;2.135121;0.5252065
6.783848194;2.138321;0.5252065
6.793624354;2.141521;0.5252065
6.803400514;2.145021;0.5252065
6.813176674;2.148321;0.5282065
6.822952834;2.151421;0.5252065
6.832728994;2.154721;0.5252065
6.842505154;2.158021;0.5252065
6.852281314;2.161421;0.5252065
6.862057474;2.164521;0.5252065
6.871833634;2.167721;0.5252065
6.881609794;2.171321;0.5252065
6.891385954;2.174621;0.5252065
6.901162114;2.177921;0.5252065
6.910938274;2.181221;0.5252065
6.920714434;2.184621;0.5282065
6.930490594;2.188021;0.5252065
6.940266754;2.190921;0.5252065
6.950042914;2.194121;0.5252065
6.959819074;2.197521;0.5252065
6.969595234;2.200921;0.5252065
6.979371394;2.204321;0.5252065
6.989147554;2.207521;0.5252065
6.998923714;2.211021;0.5252065
7.008699874;2.214321;0.5252065
7.018476034;2.217421;0.5252065
7.028252194;2.220621;0.5252065
7.038028354;2.223921;0.5282065
7.047804513;2.227121;0.5252065
7.057580673;2.230521;0.5252065
7.067356833;2.234121;0.5252065
7.077132993;2.237421;0.5252065
7.086909153;2.240521;0.5252065
7.096685313;2.243821;0.5282065
7.106461473;2.247121;0.5252065
7.116237633;2.250421;0.5252065
7.126013793;2.253621;0.5252065
7.135789953;2.256821;0.5252065
7.145566113;2.260321;0.5252065
7.155342273;2.263621;0.5252065
7.165118433;2.266521;0.5252065
7.174894593;2.269721;0.5252065
7.184670753;2.273221;0.5252065
7.194446913;2.276521;0.5252065
7.204223073;2.279621;0.5252065
7.213999233;2.283021;0.5252065
7.223775393;2.286521;0.5252065
7.233551553;2.289921;0.5252065
7.243327713;2.293021;0.5252065
7.253103873;2.296121;0.5252065
7.262880033;2.299621;0.5252065
7.272656193;2.303021;0.5252065
7.282432353;2.306121;0.5282065
7.292208513;2.309421;0.5282065
7.301984673;2.312921;0.5252065
7.311760833;2.316321;0.5252065
7.321536993;2.319621;0.5252065
7.331313153;2.322821;0.5252065
7.341089313;2.326121;0.5262065
7.350865473;2.329721;0.5262065
7.360641633;2.333021;0.5262065
7.370417793;2.336221;0.5262065
7.380193953;2.339521;0.5262065
7.389970113;2.343021;0.5262065
7.399746273;2.346521;0.5282065
7.409522433;2.349821;0.5262065
7.419298592;2.353021;0.5262065
7.429074752;2.356221;0.5262065
7.438850912;2.359721;0.5262065
7.448627072;2.363121;0.5282065
7.458403232;2.366221;0.5262065
7.468179392;2.369821;0.5262065
7.477955552;2.373121;0.5262065
7.487731712;2.376221;0.5262065
7.497507872;2.379621;0.5262065
7.507284032;2.382921;0.5262065
7.517060192;2.386421;0.5262065
7.526836352;2.389921;0.5262065
7.536612512;2.392921;0.5262065
7.546388672;2.396321;0.5262065
7.556164832;2.399721;0.5262065
7.565940992;2.403021;0.5262065
7.575717152;2.406621;0.5262065
7.585493312;2.410121;0.5272065
7.595269472;2.413221;0.5262065
7.605045632;2.416521;0.5262065
7.614821792;2.419921;0.5262065
7.624597952;2.423221;0.5262065
7.634374112;2.426621;0.5262065
7.644150272;2.429921;0.5272065
7.653926432;2.433221;0.5272065
7.663702592;2.436821;0.5272065
7.673478752;2.440121;0.5272065
7.683254912;2.443421;0.5282065
7.693031072;2.447021;0.5282065
7.702807232;2.450321;0.5282065
7.712583392;2.453621;0.5282065
7.722359552;2.457121;0.5282065
7.732135712;2.460421;0.5282065
7.741911872;2.463521;0.5282065
7.751688032;2.466921;0.5282065
7.761464192;2.470221;0.5282065
7.771240352;2.473621;0.5282065
7.781016512;2.477021;0.5283065
7.790792671;2.480321;0.5283065
7.800568831;2.483621;0.5284065
7.810344991;2.487021;0.5285065
7.820121151;2.490321;0.5285065
7.829897311;2.493621;0.5286065
7.839673471;2.497021;0.5286065
7.849449631;2.500121;0.5286065
7.859225791;2.503521;0.5285065
7.869001951;2.506921;0.5285065
7.878778111;2.510221;0.5286065
7.888554271;2.513621;0.5287065
7.898330431;2.516821;0.5287065
7.908106591;2.520021;0.5286065
7.917882751;2.523421;0.5285065
7.927658911;2.526921;0.5284065
7.937435071;2.530221;0.5284065
7.947211231;2.533421;0.5284065
7.956987391;2.536821;0.5285065
7.966763551;2.540121;0.5285065
7.976539711;2.543421;0.5286065
7.986315871;2.546721;0.5286065
7.996092031;2.549821;0.5285065
8.005868191;2.553021;0.5285065
8.015644351;2.556521;0.5285065
8.025420511;2.559821;0.5285065
8.035196671;2.563221;0.5286065
8.044972831;2.566521;0.5286065
8.054748991;2.569721;0.5287065
8.064525151;2.573121;0.5289065
8.074301311;2.576621;0.5289065
8.084077471;2.580021;0.5289065
8.093853631;2.583321;0.5290065
8.103629791;2.586321;0.5290065
8.113405951;2.589721;0.5290065
8.123182111;2.593321;0.5290065
8.132958271;2.596521;0.5290065
8.142734431;2.599621;0.5290065
8.152510591;2.603021;0.5291065
8.16228675;2.606521;0.5292065
8.17206291;2.609721;0.5291065
8.18183907;2.612921;0.5292065
8.19161523;2.616121;0.5291065
8.20139139;2.619321;0.5288065
8.21116755;2.622421;0.5286065
8.22094371;2.625121;0.5284065
8.23071987;2.627421;0.5282065
8.24049603;2.629621;0.5282065
8.25027219;2.632121;0.5282065
8.26004835;2.635021;0.5285065
8.26982451;2.637821;0.5291065
8.27960067;2.640121;0.5293065
8.28937683;2.642321;0.5299065
8.29915299;2.644521;0.5305065
8.30892915;2.646721;0.5314065
8.31870531;2.648821;0.5323065
8.32848147;2.650621;0.5334065
8.33825763;2.652221;0.5348065
8.34803379;2.653721;0.5362065
8.35780995;2.655021;0.5376065
8.36758611;2.656321;0.5391065
8.37736227;2.657621;0.5407065
8.38713843;2.658621;0.5423065
8.39691459;2.659521;0.5440065
8.40669075;2.660521;0.5458065
8.41646691;2.661521;0.5476065
8.42624307;2.662421;0.5495065
8.43601923;2.663121;0.5516065
8.44579539;2.663721;0.5536065
8.45557155;2.664321;0.5557065
8.46534771;2.664721;0.5579065
8.47512387;2.665121;0.5601065
8.48490003;2.665221;0.5625065
8.49467619;2.665321;0.5649065
8.50445235;2.665421;0.5675065
8.51422851;2.665321;0.5700065
8.52400467;2.665221;0.5724065
8.533780829;2.665521;0.5750065
8.543556989;2.665621;0.5775065
8.553333149;2.665421;0.5802065
8.563109309;2.665021;0.5829065
8.572885469;2.664721;0.5859065
8.582661629;2.664621;0.5889065
8.592437789;2.664221;0.5919065
8.602213949;2.663621;0.5947065
8.611990109;2.663521;0.5975065
8.621766269;2.663221;0.6003065
8.631542429;2.662821;0.6033065
8.641318589;2.662521;0.6061065
8.651094749;2.661721;0.6091065
8.660870909;2.661121;0.6121065
8.670647069;2.660521;0.6152065
8.680423229;2.659521;0.6182065
8.690199389;2.658721;0.6212065
8.699975549;2.658421;0.6243065
8.709751709;2.657921;0.6274065
8.719527869;2.657221;0.6307065
8.729304029;2.656521;0.6340065
8.739080189;2.656021;0.6372065
8.748856349;2.655321;0.6403065
8.758632509;2.654221;0.6434065
8.768408669;2.653321;0.6465065
8.778184829;2.652721;0.6496065
8.787960989;2.651921;0.6528065
8.797737149;2.651221;0.6562065
8.807513309;2.650521;0.6594065
8.817289469;2.649721;0.6624065
8.827065629;2.648821;0.6656065
8.836841789;2.648121;0.6688065
8.846617949;2.647621;0.6721065
8.856394109;2.646621;0.6754065
8.866170269;2.645821;0.6789065
8.875946429;2.645421;0.6823065
8.885722589;2.644821;0.6854065
8.895498749;2.643921;0.6887065
8.905274908;2.643221;0.6920065
8.915051068;2.642821;0.6953065
8.924827228;2.642321;0.6988065
8.934603388;2.641721;0.7023065
8.944379548;2.641121;0.7057065
8.954155708;2.640521;0.7089065
8.963931868;2.639921;0.7120065
8.973708028;2.639221;0.7154065
8.983484188;2.638621;0.7186065
8.993260348;2.638021;0.7220065
9.003036508;2.637521;0.7256065
9.012812668;2.637421;0.7290065
9.022588828;2.636921;0.7321065
9.032364988;2.636221;0.7354065
9.042141148;2.635621;0.7388065
9.051917308;2.635121;0.7420065
9.061693468;2.634921;0.7451065
9.071469628;2.634521;0.7485065
9.081245788;2.634021;0.7518065
9.091021948;2.633821;0.7551065
9.100798108;2.633421;0.7584065
9.110574268;2.632921;0.7618065
9.120350428;2.632321;0.7650065
9.130126588;2.631721;0.7684065
9.139902748;2.631521;0.7716065
9.149678908;2.631321;0.7748065
9.159455068;2.631121;0.7779065
9.169231228;2.631021;0.7809065
9.179007388;2.630621;0.7841065
9.188783548;2.630221;0.7872065
9.198559708;2.629821;0.7904065
9.208335868;2.629721;0.7935065
9.218112028;2.629521;0.7967065
9.227888188;2.628921;0.7998065
9.237664348;2.628921;0.8029065
9.247440508;2.629021;0.8060065
9.257216668;2.628821;0.8090065
9.266992828;2.628621;0.8121065
9.276768987;2.628421;0.8152065
9.286545147;2.628421;0.8183065
9.296321307;2.628321;0.8215065
9.306097467;2.628021;0.8246065
9.315873627;2.627821;0.8278065
9.325649787;2.628021;0.8310065
9.335425947;2.628021;0.8341065
9.345202107;2.627621;0.8371065
9.354978267;2.627521;0.8402065
9.364754427;2.627921;0.8433065
9.374530587;2.627921;0.8462065
9.384306747;2.627721;0.8493065
9.394082907;2.627621;0.8525065
9.403859067;2.627721;0.8556065
9.413635227;2.627921;0.8586065
9.423411387;2.627921;0.8616065
9.433187547;2.627821;0.8647065
9.442963707;2.627621;0.8676065
9.452739867;2.627821;0.8706065
9.462516027;2.628021;0.8736065
9.472292187;2.628021;0.8768065
9.482068347;2.628021;0.8798065
9.491844507;2.628121;0.8828065
9.501620667;2.628021;0.8857065
9.511396827;2.627921;0.8887065
9.521172987;2.627721;0.8918065
9.530949147;2.627821;0.8948065
9.540725307;2.628221;0.8979065
9.550501467;2.628121;0.9009065
9.560277627;2.628021;0.9040065
9.570053787;2.627921;0.9069065
9.579829947;2.627921;0.9099065
9.589606107;2.627921;0.9129065
9.599382267;2.627921;0.9160065
9.609158427;2.627721;0.9188065
9.618934587;2.627721;0.9217065
9.628710747;2.628021;0.9247065
9.638486907;2.628021;0.9277065
9.648263066;2.627921;0.9309065
9.658039226;2.628021;0.9339065
9.667815386;2.628121;0.9371065
9.677591546;2.628021;0.9401065
9.687367706;2.627921;0.9430065
9.697143866;2.627921;0.9460065
9.706920026;2.628121;0.9488065
9.716696186;2.628321;0.9521065
9.726472346;2.628321;0.9553065
9.736248506;2.628121;0.9585065
9.746024666;2.628421;0.9615065
9.755800826;2.628721;0.9647065
9.765576986;2.628421;0.9678065
9.775353146;2.628221;0.9709065
9.785129306;2.628221;0.9740065
9.794905466;2.628321;0.9770065
9.804681626;2.628321;0.9803065
9.814457786;2.628021;0.9834065
9.824233946;2.627821;0.9865065
9.834010106;2.628121;0.9898065
9.843786266;2.628121;0.9928065
9.853562426;2.627821;0.9960065
9.863338586;2.627921;0.9990065
9.873114746;2.627921;1.0020065
9.882890906;2.628021;1.0050065
9.892667066;2.627621;1.0081065
9.902443226;2.627221;1.0110065
9.912219386;2.627321;1.0143065
9.921995546;2.627421;1.0174065
9.931771706;2.627221;1.0202065
9.941547866;2.626921;1.0231065
9.951324026;2.626721;1.0261065
9.961100186;2.627021;1.0290065
9.970876346;2.627021;1.0320065
9.980652506;2.626521;1.0350065
9.990428666;2.626321;1.0381065
10.00020483;2.626421;1.0412065
10.00998099;2.626421;1.0442065
10.01975715;2.626021;1.0472065
10.02953331;2.625621;1.0500065
10.03930947;2.625821;1.0529065
10.04908563;2.626121;1.0558065
10.05886179;2.626021;1.0588065
10.06863795;2.625621;1.0618065
10.07841411;2.625321;1.0647065
10.08819027;2.625521;1.0677065
10.09796643;2.625621;1.0707065
10.10774259;2.625321;1.0735065
10.11751875;2.625221;1.0764065
10.12729491;2.625321;1.0793065
10.13707107;2.625421;1.0822065
10.14684723;2.625321;1.0851065
10.15662339;2.625121;1.0881065
10.16639955;2.625021;1.0911065
10.17617571;2.625021;1.0940065
10.18595187;2.624921;1.0971065
10.19572803;2.624721;1.0999065
10.20550418;2.624521;1.1027065
10.21528034;2.624521;1.1057065
10.2250565;2.624621;1.1085065
10.23483266;2.624521;1.1113065
10.24460882;2.624321;1.1144065
10.25438498;2.624321;1.1172065
10.26416114;2.624421;1.1203065
10.2739373;2.624121;1.1233065
10.28371346;2.624021;1.1263065
10.29348962;2.624121;1.1293065
10.30326578;2.624121;1.1323065
10.31304194;2.624121;1.1353065
10.3228181;2.623821;1.1382065
10.33259426;2.623521;1.1411065
10.34237042;2.623521;1.1441065
10.35214658;2.623421;1.1470065
10.36192274;2.623421;1.1501065
10.3716989;2.623321;1.1532065
10.38147506;2.623121;1.1563065
10.39125122;2.623121;1.1592065
10.40102738;2.622921;1.1622065
10.41080354;2.623021;1.1650065
10.4205797;2.622921;1.1680065
10.43035586;2.622821;1.1710065
10.44013202;2.622621;1.1741065
10.44990818;2.622321;1.1772065
10.45968434;2.622421;1.1803065
10.4694605;2.622421;1.1834065
10.47923666;2.622421;1.1866065
10.48901282;2.622621;1.1897065
10.49878898;2.622321;1.1927065
10.50856514;2.622021;1.1955065
10.5183413;2.622121;1.1985065
10.52811746;2.622021;1.2016065
10.53789362;2.622021;1.2047065
10.54766978;2.621921;1.2076065
10.55744594;2.621721;1.2105065
10.5672221;2.621921;1.2135065
10.57699826;2.621821;1.2163065
10.58677442;2.621521;1.2192065
10.59655058;2.621521;1.2222065
10.60632674;2.621521;1.2250065
10.6161029;2.621621;1.2280065
10.62587906;2.621421;1.2310065
10.63565522;2.621221;1.2338065
10.64543138;2.621321;1.2369065
10.65520754;2.621421;1.2399065
10.6649837;2.621321;1.2428065
10.67475986;2.621121;1.2458065
10.68453602;2.620921;1.2487065
10.69431218;2.621121;1.2518065
10.70408834;2.621321;1.2548065
10.7138645;2.621221;1.2579065
10.72364066;2.620921;1.2607065
10.73341682;2.620521;1.2638065
10.74319298;2.621021;1.2667065
10.75296914;2.621321;1.2700065
10.7627453;2.621221;1.2730065
10.77252146;2.621221;1.2760065
10.78229762;2.620921;1.2791065
10.79207378;2.621121;1.2820065
10.80184994;2.621021;1.2852065
10.8116261;2.620721;1.2882065
10.82140226;2.621021;1.2915065
10.83117842;2.620821;1.2945065
10.84095458;2.620921;1.2976065
10.85073074;2.621021;1.3007065
10.8605069;2.620721;1.3035065
10.87028306;2.620921;1.3068065
10.88005922;2.620821;1.3099065
10.88983538;2.620521;1.3129065
10.89961154;2.620621;1.3161065
10.9093877;2.620421;1.3191065
10.91916386;2.620621;1.3222065
10.92894002;2.620621;1.3254065
10.93871618;2.620221;1.3285065
10.94849234;2.620521;1.3315065
10.9582685;2.620621;1.3346065
10.96804466;2.620321;1.3375065
10.97782082;2.620121;1.3406065
10.98759698;2.619821;1.3437065
10.99737314;2.619721;1.3467065
11.0071493;2.619821;1.3496065
11.01692546;2.619521;1.3527065
11.02670162;2.619721;1.3557065
11.03647778;2.619621;1.3586065
11.04625394;2.619421;1.3617065
11.0560301;2.619221;1.3645065
11.06580626;2.619021;1.3675065
11.07558242;2.619221;1.3704065
11.08535858;2.619221;1.3735065
11.09513474;2.618821;1.3767065
11.1049109;2.618721;1.3798065
11.11468706;2.618921;1.3830065
11.12446322;2.618821;1.3859065
11.13423938;2.618321;1.3888065
11.14401554;2.618221;1.3919065
11.1537917;2.618421;1.3950065
11.16356786;2.618421;1.3983065
11.17334402;2.618221;1.4015065
11.18312018;2.618021;1.4048065
11.19289634;2.618021;1.4079065
11.2026725;2.618121;1.4111065
11.21244866;2.617721;1.4142065
11.22222482;2.617521;1.4171065
11.23200098;2.617521;1.4203065
11.24177714;2.617521;1.4234065
11.2515533;2.617321;1.4268065
11.26132946;2.617221;1.4300065
11.27110562;2.617421;1.4330065
11.28088178;2.617621;1.4364065
11.29065794;2.617321;1.4394065
11.3004341;2.616721;1.4424065
11.31021026;2.616421;1.4454065
11.31998642;2.616521;1.4484065
11.32976258;2.616421;1.4517065
11.33953874;2.616321;1.4547065
11.3493149;2.616321;1.4579065
11.35909106;2.616421;1.4611065
11.36886722;2.616221;1.4639065
11.37864338;2.615921;1.4671065
11.38841954;2.615521;1.4700065
11.3981957;2.615421;1.4730065
11.40797186;2.615521;1.4762065
11.41774802;2.615321;1.4792065
11.42752418;2.615221;1.4822065
11.43730034;2.615221;1.4852065
11.4470765;2.615221;1.4881065
11.45685266;2.615221;1.4909065
11.46662882;2.614721;1.4939065
11.47640498;2.614321;1.4968065
11.48618114;2.614421;1.4999065
11.4959573;2.614521;1.5029065
11.50573346;2.614321;1.5058065
11.51550962;2.614121;1.5088065
11.52528578;2.614021;1.5119065
11.53506194;2.614021;1.5148065
11.5448381;2.614021;1.5179065
11.55461426;2.613621;1.5207065
11.56439042;2.613321;1.5238065
11.57416658;2.613521;1.5268065
11.58394274;2.613421;1.5300065
11.5937189;2.613221;1.5329065
11.60349506;2.613121;1.5359065
11.61327122;2.612921;1.5389065
11.62304738;2.613021;1.5419065
11.63282354;2.613021;1.5450065
11.6425997;2.612621;1.5481065
11.65237586;2.612421;1.5511065
11.66215202;2.612421;1.5543065
11.67192818;2.612521;1.5574065
11.68170434;2.612521;1.5604065
11.6914805;2.612321;1.5635065
11.70125666;2.612021;1.5665065
11.71103282;2.612021;1.5696065
11.72080898;2.612121;1.5727065
11.73058514;2.611821;1.5758065
11.7403613;2.611721;1.5790065
11.75013746;2.612021;1.5819065
11.75991362;2.611821;1.5851065
11.76968978;2.611321;1.5881065
11.77946594;2.611221;1.5911065
11.7892421;2.611221;1.5942065
11.79901826;2.611421;1.5972065
11.80879442;2.611121;1.6002065
11.81857058;2.610621;1.6032065
11.82834674;2.610621;1.6063065
11.8381229;2.610921;1.6094065
11.84789906;2.611021;1.6124065
11.85767522;2.610721;1.6155065
11.86745138;2.610321;1.6185065
11.87722754;2.610221;1.6216065
11.8870037;2.610421;1.6245065
11.89677986;2.610421;1.6277065
11.90655602;2.610121;1.6305065
11.91633218;2.610221;1.6335065
11.92610834;2.610621;1.6363065
11.9358845;2.610521;1.6391065
11.94566066;2.610221;1.6422065
11.95543682;2.609921;1.6450065
11.96521298;2.609921;1.6479065
11.97498914;2.610121;1.6508065
11.9847653;2.610121;1.6539065
11.99454146;2.609921;1.6567065
12.00431762;2.609921;1.6596065
12.01409378;2.610121;1.6625065
12.02386994;2.610121;1.6655065
12.0336461;2.609921;1.6684065
12.04342226;2.609821;1.6713065
12.05319842;2.609721;1.6744065
12.06297458;2.609821;1.6774065
12.07275074;2.609621;1.6803065
12.0825269;2.609221;1.6833065
12.09230306;2.609221;1.6863065
12.10207922;2.609521;1.6893065
12.11185538;2.609521;1.6921065
12.12163154;2.609521;1.6951065
12.1314077;2.609721;1.6981065
12.14118386;2.609521;1.7010065
12.15096002;2.609221;1.7039065
12.16073618;2.609321;1.7069065
12.17051234;2.609321;1.7097065
12.1802885;2.609421;1.7126065
12.19006466;2.609521;1.7156065
12.19984082;2.609221;1.7187065
12.20961698;2.609121;1.7216065
12.21939314;2.609521;1.7245065
12.2291693;2.609821;1.7275065
12.23894546;2.609821;1.7303065
12.24872162;2.609521;1.7333065
12.25849778;2.609421;1.7361065
12.26827394;2.609521;1.7392065
12.2780501;2.609421;1.7422065
12.28782626;2.609321;1.7453065
12.29760242;2.609521;1.7484065
12.30737858;2.609621;1.7514065
12.31715474;2.609621;1.7544065
12.3269309;2.609521;1.7573065
12.33670706;2.609121;1.7601065
12.34648322;2.609221;1.7631065
12.35625938;2.609421;1.7662065
12.36603554;2.609421;1.7693065
12.3758117;2.609421;1.7721065
12.38558786;2.609521;1.7752065
12.39536402;2.609521;1.7782065
12.40514018;2.609421;1.7809065
12.41491634;2.609321;1.7841065
12.4246925;2.609021;1.7869065
12.43446866;2.609021;1.7899065
12.44424482;2.609221;1.7931065
12.45402098;2.609321;1.7961065
12.46379714;2.609321;1.7992065
12.4735733;2.609421;1.8024065
12.48334946;2.609421;1.8054065
12.49312562;2.609321;1.8086065
12.50290178;2.609221;1.8116065
12.51267794;2.609221;1.8146065
12.5224541;2.609221;1.8179065
12.53223026;2.608921;1.8212065
12.54200642;2.609121;1.8242065
12.55178258;2.609321;1.8275065
12.56155874;2.609321;1.8306065
12.5713349;2.609021;1.8339065
12.58111106;2.608621;1.8370065
12.59088722;2.608621;1.8402065
12.60066338;2.609021;1.8435065
12.61043954;2.609121;1.8470065
12.6202157;2.608921;1.8503065
12.62999186;2.608421;1.8543065
12.63976802;2.607321;1.8578065
12.64954418;2.606021;1.8616065
12.65932034;2.604821;1.8653065
12.6690965;2.603421;1.8683065
12.67887266;2.602521;1.8711065
12.68864882;2.602021;1.8732065
12.69842498;2.601221;1.8752065
12.70820114;2.599721;1.8770065
12.7179773;2.597921;1.8786065
12.72775346;2.596421;1.8802065
12.73752962;2.595021;1.8814065
12.74730578;2.592921;1.8827065
12.75708194;2.590821;1.8837065
12.7668581;2.588421;1.8847065
12.77663426;2.586121;1.8852065
12.78641042;2.583721;1.8859065
12.79618658;2.581121;1.8865065
12.80596274;2.578621;1.8871065
12.8157389;2.576121;1.8877065
12.82551506;2.573621;1.8880065
12.83529122;2.570721;1.8884065
12.84506738;2.567721;1.8886065
12.85484354;2.564821;1.8889065
12.8646197;2.561821;1.8891065
12.87439586;2.558821;1.8893065
12.88417202;2.555821;1.8894065
12.89394818;2.552521;1.8893065
12.90372434;2.549321;1.8892065
12.9135005;2.546121;1.8891065
12.92327666;2.542821;1.8889065
12.93305282;2.539321;1.8887065
12.94282898;2.535721;1.8886065
12.95260514;2.532221;1.8884065
12.9623813;2.528521;1.8883065
12.97215746;2.524821;1.8882065
12.98193362;2.521021;1.8879065
12.99170978;2.517221;1.8878065
13.00148594;2.513621;1.8877065
13.0112621;2.509921;1.8876065
13.02103826;2.505921;1.8874065
13.03081442;2.502021;1.8874065
13.04059058;2.498021;1.8873065
13.05036674;2.494121;1.8873065
13.0601429;2.489921;1.8872065
13.06991906;2.486121;1.8870065
13.07969522;2.482421;1.8870065
13.08947138;2.478221;1.8869065
13.09924754;2.474021;1.8870065
13.1090237;2.470121;1.8867065
13.11879986;2.466121;1.8865065
13.12857602;2.461921;1.8864065
13.13835218;2.457921;1.8862065
13.14812834;2.453921;1.8862065
13.1579045;2.449721;1.8861065
13.16768066;2.445521;1.8861065
13.17745682;2.441321;1.8861065
13.18723298;2.437221;1.8859065
13.19700914;2.433121;1.8859065
13.2067853;2.428821;1.8858065
13.21656146;2.424721;1.8856065
13.22633762;2.420621;1.8855065
13.23611378;2.416421;1.8854065
13.24588994;2.412321;1.8854065
13.2556661;2.407921;1.8851065
13.26544226;2.403521;1.8850065
13.27521842;2.399521;1.8850065
13.28499458;2.395421;1.8849065
13.29477074;2.391121;1.8848065
13.3045469;2.387021;1.8849065
13.31432306;2.382621;1.8846065
13.32409922;2.378521;1.8844065
13.33387538;2.374821;1.8845065
13.34365154;2.370521;1.8846065
13.3534277;2.365921;1.8844065
13.36320386;2.361921;1.8846065
13.37298002;2.357721;1.8845065
13.38275618;2.353221;1.8846065
13.39253234;2.349221;1.8845065
13.4023085;2.345421;1.8843065
13.41208466;2.341421;1.8844065
13.42186082;2.337221;1.8842065
13.43163698;2.333021;1.8843065
13.44141314;2.328821;1.8843065
13.4511893;2.324621;1.8843065
13.46096546;2.320621;1.8843065
13.47074162;2.316521;1.8845065
13.48051778;2.312421;1.8843065
13.49029394;2.308521;1.8844065
13.5000701;2.304521;1.8843065
13.50984626;2.300321;1.8843065
13.51962242;2.296121;1.8843065
13.52939858;2.291821;1.8844065
13.53917474;2.288021;1.8845065
13.5489509;2.284221;1.8844065
13.55872706;2.280121;1.8845065
13.56850322;2.276321;1.8844065
13.57827938;2.272321;1.8842065
13.58805554;2.268321;1.8843065
13.5978317;2.264421;1.8844065
13.60760786;2.260521;1.8843065
13.61738402;2.256721;1.8843065
13.62716018;2.252921;1.8843065
13.63693634;2.249021;1.8845065
13.6467125;2.245121;1.8843065
13.65648866;2.241121;1.8844065
13.66626482;2.236921;1.8845065
13.67604098;2.233121;1.8844065
13.68581714;2.229521;1.8845065
13.6955933;2.225721;1.8844065
13.70536946;2.221821;1.8845065
13.71514562;2.218221;1.8846065
13.72492178;2.214321;1.8845065
13.73469794;2.210521;1.8848065
13.7444741;2.206921;1.8848065
13.75425026;2.203021;1.8848065
13.76402642;2.199121;1.8848065
13.77380258;2.195521;1.8848065
13.78357874;2.192021;1.8849065
13.7933549;2.188321;1.8848065
13.80313106;2.184521;1.8848065
13.81290722;2.181021;1.8849065
13.82268338;2.177321;1.8848065
13.83245954;2.173421;1.8849065
13.8422357;2.169921;1.8851065
13.85201186;2.166321;1.8851065
13.86178802;2.162921;1.8851065
13.87156418;2.159521;1.8852065
13.88134034;2.155921;1.8853065
13.8911165;2.152421;1.8855065
13.90089266;2.148821;1.8855065
13.91066882;2.145221;1.8855065
13.92044497;2.141821;1.8857065
13.93022113;2.138321;1.8858065
13.93999729;2.134721;1.8858065
13.94977345;2.131421;1.8859065
13.95954961;2.128021;1.8860065
13.96932577;2.124621;1.8860065
13.97910193;2.121121;1.8860065
13.98887809;2.117721;1.8860065
13.99865425;2.114321;1.8862065
14.00843041;2.110921;1.8863065
14.01820657;2.107421;1.8864065
14.02798273;2.104121;1.8865065
14.03775889;2.101021;1.8867065
14.04753505;2.097921;1.8868065
14.05731121;2.094721;1.8869065
14.06708737;2.091221;1.8869065
14.07686353;2.087921;1.8868065
14.08663969;2.084921;1.8869065
14.09641585;2.081821;1.8870065
14.10619201;2.078221;1.8871065
14.11596817;2.074721;1.8870065
14.12574433;2.071821;1.8870065
14.13552049;2.068821;1.8870065
14.14529665;2.065421;1.8871065
14.15507281;2.062121;1.8871065
14.16484897;2.059021;1.8869065
14.17462513;2.055921;1.8871065
14.18440129;2.052721;1.8871065
14.19417745;2.049221;1.8872065
14.20395361;2.046121;1.8872065
14.21372977;2.043121;1.8872065
14.22350593;2.040021;1.8873065
14.23328209;2.036821;1.8874065
14.24305825;2.033721;1.8875065
14.25283441;2.030721;1.8874065
14.26261057;2.027621;1.8874065
14.27238673;2.024421;1.8874065
14.28216289;2.021221;1.8875065
14.29193905;2.018121;1.8874065
14.30171521;2.015221;1.8875065
14.31149137;2.012121;1.8876065
14.32126753;2.009221;1.8877065
14.33104369;2.006221;1.8878065
14.34081985;2.003221;1.8878065
14.35059601;2.000121;1.8876065
14.36037217;1.997021;1.8876065
14.37014833;1.994021;1.8875065
14.37992449;1.991021;1.8875065
14.38970065;1.987921;1.8876065
14.39947681;1.984821;1.8875065
14.40925297;1.981821;1.8876065
14.41902913;1.979021;1.8878065
14.42880529;1.975921;1.8878065
14.43858145;1.972921;1.8878065
14.44835761;1.969921;1.8878065
14.45813377;1.966821;1.8878065
14.46790993;1.963821;1.8877065
14.47768609;1.960921;1.8877065
14.48746225;1.958021;1.8876065
14.49723841;1.954821;1.8876065
14.50701457;1.951821;1.8876065
14.51679073;1.949021;1.8876065
14.52656689;1.946021;1.8876065
14.53634305;1.942921;1.8875065
14.54611921;1.939821;1.8874065
14.55589537;1.936821;1.8872065
14.56567153;1.933921;1.8872065
14.57544769;1.930821;1.8872065
14.58522385;1.927621;1.8871065
14.59500001;1.924621;1.8870065
14.60477617;1.921721;1.8870065
14.61455233;1.918621;1.8870065
14.62432849;1.915421;1.8870065
14.63410465;1.912321;1.8868065
14.64388081;1.909521;1.8867065
14.65365697;1.906721;1.8868065
14.66343313;1.903621;1.8868065
14.67320929;1.900521;1.8867065
14.68298545;1.897521;1.8868065
14.69276161;1.894421;1.8867065
14.70253777;1.891221;1.8868065
14.71231393;1.888121;1.8869065
14.72209009;1.884921;1.8869065
14.73186625;1.881921;1.8869065
14.74164241;1.878921;1.8869065
14.75141857;1.876021;1.8869065
14.76119473;1.873121;1.8868065
14.77097089;1.870021;1.8867065
14.78074705;1.866921;1.8868065
14.79052321;1.863721;1.8867065
14.80029937;1.860521;1.8868065
14.81007553;1.857521;1.8869065
14.81985169;1.854321;1.8870065
14.82962785;1.851021;1.8870065
14.83940401;1.848121;1.8870065
14.84918017;1.845121;1.8869065
14.85895633;1.842021;1.8870065
14.86873249;1.838721;1.8869065
14.87850865;1.835521;1.8870065
14.88828481;1.832221;1.8869065
14.89806097;1.828921;1.8869065
14.90783713;1.825721;1.8871065
14.91761329;1.822421;1.8872065
14.92738945;1.819321;1.8870065
14.93716561;1.816321;1.8871065
14.94694177;1.813121;1.8871065
14.95671793;1.809821;1.8871065
14.96649409;1.806621;1.8870065
14.97627025;1.803421;1.8869065
14.98604641;1.800121;1.8870065
14.99582257;1.796821;1.8870065
15.00559873;1.793521;1.8870065
15.01537489;1.790521;1.8869065
15.02515105;1.787621;1.8869065
15.03492721;1.784221;1.8869065
15.04470337;1.780621;1.8869065
15.05447953;1.777521;1.8870065
15.06425569;1.774321;1.8871065
15.07403185;1.770821;1.8872065
15.08380801;1.767421;1.8873065
15.09358417;1.764221;1.8872065
15.10336033;1.761221;1.8874065
15.11313649;1.758321;1.8874065
15.12291265;1.754821;1.8875065
15.13268881;1.751421;1.8875065
15.14246497;1.748521;1.8876065
15.15224113;1.745221;1.8877065
15.16201729;1.741721;1.8878065
15.17179345;1.738521;1.8878065
15.18156961;1.735121;1.8878065
15.19134577;1.731921;1.8877065
15.20112193;1.728821;1.8877065
15.21089809;1.725321;1.8877065
15.22067425;1.722221;1.8877065
15.23045041;1.718921;1.8877065
15.24022657;1.715321;1.8878065
15.25000273;1.712021;1.8877065
15.25977889;1.708621;1.8876065
15.26955505;1.705221;1.8876065
15.27933121;1.702121;1.8875065
15.28910737;1.698621;1.8875065
15.29888353;1.695321;1.8875065
15.30865969;1.692221;1.8876065
15.31843585;1.688821;1.8876065
15.32821201;1.685421;1.8878065
15.33798817;1.682021;1.8878065
15.34776433;1.678621;1.8878065
15.35754049;1.675221;1.8880065
15.36731665;1.671721;1.8878065
15.37709281;1.668321;1.8878065
15.38686897;1.665221;1.8880065
15.39664513;1.661821;1.8880065
15.40642129;1.658321;1.8881065
15.41619745;1.655021;1.8882065
15.42597361;1.651521;1.8882065
15.43574977;1.647921;1.8883065
15.44552593;1.644321;1.8883065
15.45530209;1.641021;1.8883065
15.46507825;1.637721;1.8884065
15.47485441;1.634221;1.8885065
15.48463057;1.631021;1.8887065
15.49440673;1.627821;1.8889065
15.50418289;1.624521;1.8889065
15.51395905;1.620921;1.8891065
15.52373521;1.617321;1.8892065
15.53351137;1.614021;1.8893065
15.54328753;1.610621;1.8892065
15.55306369;1.607121;1.8891065
15.56283985;1.603721;1.8891065
15.57261601;1.600321;1.8893065
15.58239217;1.596821;1.8893065
15.59216833;1.593621;1.8893065
15.60194449;1.589921;1.8893065
15.61172065;1.586221;1.8894065
15.62149681;1.582921;1.8893065
15.63127297;1.579621;1.8894065
15.64104913;1.576121;1.8894065
15.65082529;1.572621;1.8895065
15.66060145;1.568921;1.8896065
15.67037761;1.565721;1.8897065
15.68015377;1.562421;1.8896065
15.68992993;1.558621;1.8896065
15.69970609;1.554921;1.8896065
15.70948225;1.551621;1.8896065
15.71925841;1.548221;1.8897065
15.72903457;1.544721;1.8896065
15.73881073;1.541221;1.8899065
15.74858689;1.537921;1.8899065
15.75836305;1.534621;1.8898065
15.76813921;1.531021;1.8897065
15.77791537;1.527321;1.8896065
15.78769153;1.524121;1.8897065
15.79746769;1.520721;1.8897065
15.80724385;1.516921;1.8896065
15.81702001;1.513721;1.8897065
15.82679617;1.510321;1.8898065
15.83657233;1.506821;1.8898065
15.84634849;1.503521;1.8898065
15.85612465;1.499821;1.8899065
15.86590081;1.496421;1.8898065
15.87567697;1.493321;1.8898065
15.88545313;1.489821;1.8898065
15.89522929;1.486121;1.8897065
15.90500545;1.482721;1.8899065
15.91478161;1.479321;1.8899065
15.92455777;1.476021;1.8898065
15.93433393;1.472621;1.8898065
15.94411009;1.469021;1.8897065
15.95388625;1.465721;1.8898065
15.96366241;1.462421;1.8897065
15.97343857;1.458721;1.8898065
15.98321473;1.455221;1.8898065
15.99299089;1.451821;1.8898065
16.00276705;1.448321;1.8898065
16.01254321;1.445021;1.8897065
16.02231937;1.441821;1.8897065
16.03209553;1.438321;1.8898065
16.04187169;1.435021;1.8897065
16.05164785;1.431621;1.8897065
16.06142401;1.428121;1.8898065
16.07120017;1.424621;1.8898065
16.08097633;1.421121;1.8900065
16.09075249;1.417821;1.8901065
16.10052865;1.414621;1.8902065
16.11030481;1.411121;1.8901065
16.12008097;1.407621;1.8902065
16.12985713;1.404521;1.8901065
16.13963329;1.401321;1.8900065
16.14940945;1.397721;1.8901065
16.15918561;1.394221;1.8901065
16.16896177;1.390921;1.8903065
16.17873793;1.387521;1.8903065
16.18851409;1.384121;1.8905065
16.19829025;1.380821;1.8905065
16.20806641;1.377521;1.8905065
16.21784257;1.374221;1.8906065
16.22761873;1.370621;1.8907065
16.23739489;1.367221;1.8908065
16.24717105;1.363921;1.8907065
16.25694721;1.360321;1.8909065
16.26672337;1.356921;1.8911065
16.27649953;1.353721;1.8912065
16.28627569;1.350321;1.8912065
16.29605185;1.346921;1.8914065
16.30582801;1.343721;1.8915065
16.31560417;1.340221;1.8914065
16.32538033;1.336821;1.8914065
16.33515649;1.333421;1.8915065
16.34493265;1.329921;1.8916065
16.35470881;1.326721;1.8916065
16.36448497;1.323421;1.8916065
16.37426113;1.320021;1.8916065
16.38403729;1.316821;1.8916065
16.39381345;1.313421;1.8916065
16.40358961;1.309921;1.8916065
16.41336577;1.306421;1.8917065
16.42314193;1.303121;1.8917065
16.43291809;1.299721;1.8918065
16.44269425;1.296321;1.8918065
16.45247041;1.292921;1.8917065
16.46224657;1.289721;1.8917065
16.47202273;1.286421;1.8917065
16.48179889;1.282921;1.8917065
16.49157505;1.279421;1.8918065
16.50135121;1.276221;1.8919065
16.51112737;1.272921;1.8919065
16.52090353;1.269521;1.8921065
16.53067969;1.266021;1.8921065
16.54045585;1.262521;1.8920065
16.55023201;1.259221;1.8920065
16.56000817;1.255921;1.8920065
16.56978433;1.252421;1.8921065
16.57956049;1.249121;1.8921065
16.58933665;1.245621;1.8922065
16.59911281;1.242221;1.8922065
16.60888897;1.239021;1.8923065
16.61866513;1.235221;1.8922065
16.62844129;1.231721;1.8921065
16.63821745;1.228521;1.8921065
16.64799361;1.225121;1.8923065
16.65776977;1.221821;1.8923065
16.66754593;1.218421;1.8926065
16.67732209;1.214921;1.8927065
16.68709825;1.211821;1.8929065
16.69687441;1.208521;1.8929065
16.70665057;1.204721;1.8931065
16.71642673;1.201121;1.8930065
16.72620289;1.197921;1.8930065
16.73597905;1.194921;1.8931065
16.74575521;1.191421;1.8933065
16.75553137;1.187821;1.8935065
16.76530753;1.184621;1.8936065
16.77508369;1.181521;1.8937065
16.78485985;1.177921;1.8938065
16.79463601;1.174121;1.8939065
16.80441217;1.170721;1.8939065
16.81418833;1.167521;1.8940065
16.82396449;1.164321;1.8942065
16.83374065;1.161021;1.8944065
16.84351681;1.157921;1.8945065
16.85329297;1.154621;1.8945065
16.86306913;1.151121;1.8946065
16.87284529;1.147521;1.8947065
16.88262145;1.144121;1.8947065
16.89239761;1.140921;1.8945065
16.90217377;1.137621;1.8945065
16.91194993;1.134121;1.8945065
16.92172609;1.130721;1.8946065
16.93150225;1.127521;1.8947065
16.94127841;1.124321;1.8947065
16.95105457;1.121021;1.8948065
16.96083073;1.117221;1.8949065
16.97060689;1.113621;1.8949065
16.98038305;1.110421;1.8949065
16.99015921;1.107221;1.8949065
16.99993537;1.103721;1.8950065
17.00971153;1.100121;1.8952065
17.01948769;1.096921;1.8955065
17.02926385;1.093821;1.8958065
17.03904001;1.090621;1.8963065
17.04881617;1.087521;1.8961065
17.05859233;1.084021;1.8961065
17.06836849;1.080621;1.8961065
17.07814465;1.077621;1.8958065
17.08792081;1.074421;1.8956065
17.09769697;1.071321;1.8950065
17.10747313;1.068321;1.8944065
17.11724929;1.065221;1.8938065
17.12702545;1.062521;1.8931065
17.13680161;1.059621;1.8923065
17.14657777;1.056521;1.8912065
17.15635393;1.053621;1.8904065
17.16613009;1.050621;1.8894065
17.17590625;1.047621;1.8883065
17.18568241;1.044821;1.8871065
17.19545857;1.041921;1.8862065
17.20523473;1.039021;1.8849065
17.21501089;1.035721;1.8837065
17.22478705;1.032821;1.8826065
17.23456321;1.029921;1.8809065
17.24433937;1.026821;1.8794065
17.25411553;1.023921;1.8782065
17.26389169;1.020421;1.8763065
17.27366785;1.017121;1.8747065
17.28344401;1.014421;1.8729065
17.29322017;1.011221;1.8707065
17.30299633;1.008021;1.8694065
17.31277249;1.004721;1.8673065
17.32254865;1.001221;1.8653065
17.33232481;0.997821;1.8637065
17.34210097;0.994321;1.8613065
17.35187713;0.991421;1.8596065
17.36165329;0.988321;1.8580065
17.37142945;0.985021;1.8555065
17.38120561;0.981721;1.8536065
17.39098177;0.977721;1.8515065
17.40075793;0.974321;1.8490065
17.41053409;0.971621;1.8474065
17.42031025;0.968221;1.8448065
17.43008641;0.964221;1.8429065
17.43986257;0.960421;1.8406065
17.44963873;0.957221;1.8383065
17.45941489;0.954121;1.8362065
17.46919105;0.950421;1.8336065
17.47896721;0.946321;1.8316065
17.48874337;0.942621;1.8290065
17.49851953;0.939521;1.8268065
17.50829569;0.936021;1.8242065
17.51807185;0.932221;1.8216065
17.52784801;0.928121;1.8193065
17.53762417;0.924921;1.8167065
17.54740033;0.921721;1.8140065
17.55717649;0.918021;1.8112065
17.56695265;0.914021;1.8088065
17.57672881;0.910121;1.8061065
17.58650497;0.906721;1.8033065
17.59628113;0.903021;1.8006065
17.60605729;0.898921;1.7977065
17.61583345;0.895221;1.7950065
17.62560961;0.891521;1.7922065
17.63538576;0.887521;1.7894065
17.64516192;0.883621;1.7866065
17.65493808;0.879821;1.7837065
17.66471424;0.876221;1.7805065
17.6744904;0.872521;1.7778065
17.68426656;0.868721;1.7749065
17.69404272;0.864621;1.7718065
17.70381888;0.860821;1.7690065
17.71359504;0.857121;1.7662065
17.7233712;0.853421;1.7628065
17.73314736;0.850021;1.7601065
17.74292352;0.845721;1.7568065
17.75269968;0.841821;1.7540065
17.76247584;0.838621;1.7511065
17.772252;0.834521;1.7482065
17.78202816;0.830321;1.7455065
17.79180432;0.826721;1.7427065
17.80158048;0.823221;1.7400065
17.81135664;0.819221;1.7371065
17.8211328;0.814921;1.7343065
17.83090896;0.811121;1.7318065
17.84068512;0.807521;1.7290065
17.85046128;0.803521;1.7260065
17.86023744;0.799521;1.7231065
17.8700136;0.795721;1.7208065
17.87978976;0.791721;1.7179065
17.88956592;0.787721;1.7151065
17.89934208;0.783921;1.7123065
17.90911824;0.780521;1.7095065
17.9188944;0.776621;1.7070065
17.92867056;0.772121;1.7041065
17.93844672;0.768621;1.7011065
17.94822288;0.765121;1.6986065
17.95799904;0.760921;1.6957065
17.9677752;0.756921;1.6930065
17.97755136;0.753121;1.6900065
17.98732752;0.749521;1.6875065
17.99710368;0.745521;1.6851065
18.00687984;0.741021;1.6823065
18.016656;0.737221;1.6796065
18.02643216;0.733821;1.6767065
18.03620832;0.730221;1.6744065
18.04598448;0.725921;1.6717065
18.05576064;0.721521;1.6693065
18.0655368;0.717921;1.6665065
18.07531296;0.714321;1.6642065
18.08508912;0.710221;1.6617065
18.09486528;0.705921;1.6591065
18.10464144;0.702021;1.6563065
18.1144176;0.698321;1.6540065
18.12419376;0.694321;1.6514065
18.13396992;0.690221;1.6488065
18.14374608;0.686321;1.6459065
18.15352224;0.682821;1.6435065
18.1632984;0.678921;1.6410065
18.17307456;0.674521;1.6383065
18.18285072;0.670621;1.6354065
18.19262688;0.667221;1.6328065
18.20240304;0.663521;1.6302065
18.2121792;0.659421;1.6275065
18.22195536;0.655521;1.6249065
18.23173152;0.651521;1.6222065
18.24150768;0.647721;1.6196065
18.25128384;0.644121;1.6166065
18.26106;0.640221;1.6139065
18.27083616;0.636021;1.6110065
18.28061232;0.632121;1.6084065
18.29038848;0.628521;1.6055065
18.30016464;0.624721;1.6027065
18.3099408;0.620421;1.5999065
18.31971696;0.616521;1.5971065
18.32949312;0.613221;1.5945065
18.33926928;0.609521;1.5916065
18.34904544;0.605521;1.5888065
18.3588216;0.601421;1.5859065
18.36859776;0.597821;1.5832065
18.37837392;0.594521;1.5803065
18.38815008;0.590521;1.5775065
18.39792624;0.586221;1.5748065
18.4077024;0.582621;1.5720065
18.41747856;0.579221;1.5692065
18.42725472;0.575221;1.5663065
18.43703088;0.571021;1.5636065
18.44680704;0.567421;1.5609065
18.4565832;0.563921;1.5583065
18.46635936;0.560221;1.5554065
18.47613552;0.556121;1.5528065
18.48591168;0.552221;1.5502065
18.49568784;0.548921;1.5477065
18.505464;0.545121;1.5449065
18.51524016;0.540921;1.5420065
18.52501632;0.537421;1.5397065
18.53479248;0.533721;1.5372065
18.54456864;0.529721;1.5347065
18.5543448;0.525821;1.5320065
18.56412096;0.522221;1.5294065
18.57389712;0.518821;1.5272065
18.58367328;0.514921;1.5245065
18.59344944;0.511021;1.5216065
18.6032256;0.508021;1.5193065
18.61300176;0.504121;1.5177065
18.62277792;0.499921;1.5142065
18.63255408;0.496521;1.5123065
18.64233024;0.492721;1.5097065
18.6521064;0.489221;1.5072065
18.66188256;0.485521;1.5050065
18.67165872;0.481321;1.5025065
18.68143488;0.477721;1.4998065
18.69121104;0.474521;1.4974065
18.7009872;0.470921;1.4948065
18.71076336;0.467221;1.4922065
18.72053952;0.463221;1.4896065
18.73031568;0.459821;1.4869065
18.74009184;0.456321;1.4845065
18.749868;0.452421;1.4817065
18.75964416;0.448721;1.4790065
18.76942032;0.445121;1.4762065
18.77919648;0.441621;1.4737065
18.78897264;0.438021;1.4709065
18.7987488;0.434221;1.4682065
18.80852496;0.430721;1.4654065
18.81830112;0.427221;1.4628065
18.82807728;0.423521;1.4602065
18.83785344;0.419821;1.4575065
18.8476296;0.415821;1.4549065
18.85740576;0.412321;1.4520065
18.86718192;0.409021;1.4494065
18.87695808;0.405421;1.4466065
18.88673424;0.401621;1.4439065
18.8965104;0.397821;1.4412065
18.90628656;0.393821;1.4385065
18.91606272;0.390421;1.4357065
18.92583888;0.387121;1.4330065
18.93561504;0.383021;1.4303065
18.9453912;0.378921;1.4278065
18.95516736;0.375421;1.4251065
18.96494352;0.372121;1.4225065
18.97471968;0.368321;1.4197065
18.98449584;0.364021;1.4172065
18.994272;0.360121;1.4142065
19.00404816;0.357221;1.4117065
19.01382432;0.353621;1.4088065
19.02360048;0.349421;1.4063065
19.03337664;0.345321;1.4035065
19.0431528;0.341921;1.4008065
19.05292896;0.338821;1.3980065
19.06270512;0.335121;1.3951065
19.07248128;0.331521;1.3912065
19.08225744;0.329121;1.3873065
19.0920336;0.326721;1.3834065
19.10180976;0.324521;1.3801065
19.11158592;0.322721;1.3770065
19.12136208;0.320521;1.3747065
19.13113824;0.318021;1.3733065
19.1409144;0.315221;1.3721065
19.15069056;0.312721;1.3708065
19.16046672;0.310521;1.3696065
19.17024288;0.308121;1.3683065
19.18001904;0.306121;1.3671065
19.1897952;0.304421;1.3664065
19.19957136;0.302821;1.3655065
19.20934752;0.301321;1.3647065
19.21912368;0.299821;1.3640065
19.22889984;0.298321;1.3634065
19.238676;0.297021;1.3630065
19.24845216;0.295621;1.3626065
19.25822832;0.294321;1.3622065
19.26800448;0.293121;1.3617065
19.27778064;0.292321;1.3615065
19.2875568;0.291421;1.3612065
19.29733296;0.290421;1.3610065
19.30710912;0.289621;1.3609065
19.31688528;0.288721;1.3608065
19.32666144;0.287921;1.3608065
19.3364376;0.287321;1.3609065
19.34621376;0.286521;1.3610065
19.35598992;0.285821;1.3612065
19.36576608;0.285121;1.3614065
19.37554224;0.284421;1.3616065
19.3853184;0.283821;1.3619065
19.39509456;0.283321;1.3622065
19.40487072;0.282721;1.3625065
19.41464688;0.282321;1.3628065
19.42442304;0.281921;1.3630065
19.4341992;0.281621;1.3633065
19.44397536;0.281421;1.3635065
19.45375152;0.281121;1.3637065
19.46352768;0.280921;1.3639065
19.47330384;0.280721;1.3640065
19.48308;0.280621;1.3641065
19.49285616;0.280521;1.3642065
19.50263232;0.280321;1.3642065
19.51240848;0.280221;1.3642065
19.52218464;0.280121;1.3642065
19.5319608;0.280121;1.3641065
19.54173696;0.280021;1.3641065
19.55151312;0.280221;1.3641065
19.56128928;0.280321;1.3641065
19.57106544;0.280421;1.3641065
19.5808416;0.280521;1.3641065
19.59061776;0.280721;1.3641065
19.60039392;0.280621;1.3642065
19.61017008;0.280721;1.3642065
19.61994624;0.280621;1.3643065
