0;0.324325;0.528487
0.009961262;0.327806;0.528304
0.019922524;0.33113;0.528487
0.029883785;0.33426;0.528292
0.039845047;0.337483;0.528188
0.049806309;0.341154;0.5282
0.059767571;0.3453;0.528127
0.069728832;0.348852;0.528049
0.079690094;0.351961;0.528021
0.089651356;0.355569;0.527845
0.099612618;0.359373;0.527792
0.109573879;0.363152;0.527722
0.119535141;0.366714;0.527644
0.129496403;0.370166;0.527368
0.139457665;0.374176;0.527213
0.149418926;0.378163;0.527099
0.159380188;0.381865;0.526959
0.16934145;0.38573;0.526728
0.179302712;0.389733;0.526672
0.189263973;0.393783;0.526494
0.199225235;0.397582;0.526374
0.209186497;0.401522;0.526402
0.219147759;0.406015;0.526176
0.22910902;0.410044;0.526236
0.239070282;0.413812;0.526265
0.249031544;0.418057;0.52602
0.258992806;0.422138;0.525974
0.268954068;0.426164;0.526003
0.278915329;0.430293;0.525868
0.288876591;0.434431;0.525717
0.298837853;0.438785;0.525586
0.308799115;0.442787;0.52553
0.318760376;0.44676;0.525463
0.328721638;0.451182;0.525497
0.3386829;0.455269;0.525457
0.348644162;0.459217;0.525242
0.358605423;0.4632;0.525113
0.368566685;0.467453;0.524977
0.378527947;0.471925;0.524894
0.388489209;0.475835;0.524787
0.39845047;0.479998;0.524677
0.408411732;0.484229;0.524692
0.418372994;0.488063;0.524532
0.428334256;0.492278;0.524276
0.438295517;0.496379;0.524224
0.448256779;0.50052;0.523972
0.458218041;0.504824;0.524012
0.468179303;0.508864;0.523685
0.478140564;0.512993;0.523832
0.488101826;0.517;0.523734
0.498063088;0.520802;0.523564
0.50802435;0.524762;0.523552
0.517985612;0.528969;0.523307
0.527946873;0.533238;0.523345
0.537908135;0.537313;0.523146
0.547869397;0.541348;0.52326
0.557830659;0.545357;0.523121
0.56779192;0.549282;0.522904
0.577753182;0.553257;0.522849
0.587714444;0.557393;0.522686
0.597675706;0.561493;0.522721
0.607636967;0.565438;0.522502
0.617598229;0.569457;0.522478
0.627559491;0.573398;0.522594
0.637520753;0.577253;0.522232
0.647482014;0.581064;0.522295
0.657443276;0.585027;0.522091
0.667404538;0.5892;0.521891
0.6773658;0.592923;0.521869
0.687327061;0.596661;0.52167
0.697288323;0.600729;0.521824
0.707249585;0.604702;0.521769
0.717210847;0.608667;0.521483
0.727172108;0.612237;0.521525
0.73713337;0.61587;0.521306
0.747094632;0.620083;0.521241
0.757055894;0.623904;0.521218
0.767017156;0.627479;0.521161
0.776978417;0.631195;0.521292
0.786939679;0.635011;0.521087
0.796900941;0.638965;0.520986
0.806862203;0.642509;0.520877
0.816823464;0.64616;0.520725
0.826784726;0.650054;0.520732
0.836745988;0.653686;0.520593
0.84670725;0.657451;0.520652
0.856668511;0.661208;0.52072
0.866629773;0.664852;0.520659
0.876591035;0.668695;0.520632
0.886552297;0.672328;0.520695
0.896513558;0.675741;0.520534
0.90647482;0.679457;0.520648
0.916436082;0.683211;0.520627
0.926397344;0.686713;0.520574
0.936358605;0.69028;0.520739
0.946319867;0.693937;0.520587
0.956281129;0.697557;0.520417
0.966242391;0.700794;0.520372
0.976203652;0.704203;0.520083
0.986164914;0.708034;0.520062
0.996126176;0.711555;0.520049
1.006087438;0.71507;0.519874
1.0160487;0.718683;0.520014
1.026009961;0.722143;0.519896
1.035971223;0.7257;0.519792
1.045932485;0.729162;0.519807
1.055893747;0.732585;0.519591
1.065855008;0.736221;0.519617
1.07581627;0.739575;0.519552
1.085777532;0.742974;0.519481
1.095738794;0.746541;0.519537
1.105700055;0.749805;0.519509
1.115661317;0.753225;0.519393
1.125622579;0.756841;0.519348
1.135583841;0.760267;0.519282
1.145545102;0.763622;0.519164
1.155506364;0.766993;0.519146
1.165467626;0.770315;0.519057
1.175428888;0.773656;0.519021
1.185390149;0.777067;0.518975
1.195351411;0.780346;0.518932
1.205312673;0.783636;0.51891
1.215273935;0.787035;0.518832
1.225235196;0.790431;0.518821
1.235196458;0.793851;0.518732
1.24515772;0.796978;0.518701
1.255118982;0.80013;0.518638
1.265080243;0.803476;0.518528
1.275041505;0.806686;0.518576
1.285002767;0.809955;0.51857
1.294964029;0.813342;0.518423
1.304925291;0.81664;0.518368
1.314886552;0.819872;0.51846
1.324847814;0.823247;0.518307
1.334809076;0.826426;0.518179
1.344770338;0.829364;0.518109
1.354731599;0.832573;0.518027
1.364692861;0.835882;0.517897
1.374654123;0.839045;0.517799
1.384615385;0.841989;0.517646
1.394576646;0.844961;0.517586
1.404537908;0.848446;0.51756
1.41449917;0.85181;0.51747
1.424460432;0.854705;0.517401
1.434421693;0.857818;0.517205
1.444382955;0.861099;0.517089
1.454344217;0.864299;0.517032
1.464305479;0.867415;0.516982
1.47426674;0.870546;0.516895
1.484228002;0.873834;0.516789
1.494189264;0.876942;0.516804
1.504150526;0.880022;0.516811
1.514111787;0.88328;0.516736
1.524073049;0.88646;0.516724
1.534034311;0.889568;0.516576
1.543995573;0.892637;0.516487
1.553956835;0.895845;0.516489
1.563918096;0.899081;0.516488
1.573879358;0.902093;0.516472
1.58384062;0.905167;0.516432
1.593801882;0.908457;0.516351
1.603763143;0.911776;0.516311
1.613724405;0.914872;0.516211
1.623685667;0.917835;0.516252
1.633646929;0.920954;0.516166
1.64360819;0.924277;0.51619
1.653569452;0.927414;0.516231
1.663530714;0.930227;0.516066
1.673491976;0.933194;0.516116
1.683453237;0.936618;0.516044
1.693414499;0.93995;0.516098
1.703375761;0.942893;0.516106
1.713337023;0.945929;0.515906
1.723298284;0.949142;0.515905
1.733259546;0.952332;0.515784
1.743220808;0.955464;0.515853
1.75318207;0.95859;0.515757
1.763143331;0.961567;0.515575
1.773104593;0.964525;0.515687
1.783065855;0.967811;0.515444
1.793027117;0.971026;0.515424
1.802988379;0.97413;0.515393
1.81294964;0.977309;0.515258
1.822910902;0.9803;0.515201
1.832872164;0.983483;0.515108
1.842833426;0.986902;0.515184
1.852794687;0.989788;0.515049
1.862755949;0.992484;0.515013
1.872717211;0.99578;0.514951
1.882678473;0.999091;0.514911
1.892639734;1.002241;0.514997
1.902600996;1.005419;0.514829
1.912562258;1.008449;0.514719
1.92252352;1.011806;0.514687
1.932484781;1.015248;0.514611
1.942446043;1.018231;0.514515
1.952407305;1.021127;0.514358
1.962368567;1.024355;0.514346
1.972329828;1.027835;0.514211
1.98229109;1.031036;0.514204
1.992252352;1.034081;0.514172
2.002213614;1.037213;0.514042
2.012174875;1.040488;0.513943
2.022136137;1.044039;0.513954
2.032097399;1.047139;0.513841
2.042058661;1.049843;0.513804
2.052019923;1.053228;0.513592
2.061981184;1.056641;0.513503
2.071942446;1.059724;0.513531
2.081903708;1.062915;0.513343
2.09186497;1.066097;0.513413
2.101826231;1.069588;0.513301
2.111787493;1.073006;0.5134
2.121748755;1.076204;0.513267
2.131710017;1.079242;0.513002
2.141671278;1.082233;0.513001
2.15163254;1.085787;0.512926
2.161593802;1.089061;0.51295
2.171555064;1.09209;0.512893
2.181516325;1.095512;0.512922
2.191477587;1.098851;0.513009
2.201438849;1.102303;0.513114
2.211400111;1.105527;0.51301
2.221361372;1.108308;0.512772
2.231322634;1.111608;0.512812
2.241283896;1.115138;0.512757
2.251245158;1.118301;0.512748
2.261206419;1.121593;0.512733
2.271167681;1.124831;0.512826
2.281128943;1.128125;0.512814
2.291090205;1.131825;0.512904
2.301051467;1.135188;0.512882
2.311012728;1.138247;0.512776
2.32097399;1.141623;0.512748
2.330935252;1.144827;0.512688
2.340896514;1.148113;0.512624
2.350857775;1.151576;0.512567
2.360819037;1.15481;0.512726
2.370780299;1.158219;0.512713
2.380741561;1.161704;0.512889
2.390702822;1.164902;0.512594
2.400664084;1.167905;0.512593
2.410625346;1.171243;0.512536
2.420586608;1.174748;0.512437
2.430547869;1.178031;0.512552
2.440509131;1.181407;0.512426
2.450470393;1.184879;0.512488
2.460431655;1.188411;0.51256
2.470392916;1.191929;0.512622
2.480354178;1.195157;0.512467
2.49031544;1.198355;0.512411
2.500276702;1.201938;0.512435
2.510237963;1.205466;0.512393
2.520199225;1.208895;0.512394
2.530160487;1.212285;0.512388
2.540121749;1.215574;0.512466
2.550083011;1.219243;0.512479
2.560044272;1.222674;0.512472
2.570005534;1.225951;0.512456
2.579966796;1.229603;0.512417
2.589928058;1.232948;0.512415
2.599889319;1.23639;0.512213
2.609850581;1.239985;0.512274
2.619811843;1.243177;0.512194
2.629773105;1.246623;0.512155
2.639734366;1.250312;0.512108
2.649695628;1.253577;0.51206
2.65965689;1.256981;0.512024
2.669618152;1.260561;0.512029
2.679579413;1.264026;0.511978
2.689540675;1.267538;0.511868
2.699501937;1.270772;0.511906
2.709463199;1.274089;0.511767
2.71942446;1.277775;0.511935
2.729385722;1.281403;0.511881
2.739346984;1.284793;0.511764
2.749308246;1.28816;0.511875
2.759269507;1.291788;0.511752
2.769230769;1.295462;0.511696
2.779192031;1.298752;0.51156
2.789153293;1.301961;0.511473
2.799114555;1.305558;0.51134
2.809075816;1.309151;0.511279
2.819037078;1.312383;0.511239
2.82899834;1.315706;0.511179
2.838959602;1.319455;0.511191
2.848920863;1.323087;0.511089
2.858882125;1.326475;0.511037
2.868843387;1.329927;0.510914
2.878804649;1.333351;0.510853
2.88876591;1.337067;0.510807
2.898727172;1.340721;0.510724
2.908688434;1.343886;0.510653
2.918649696;1.34728;0.510757
2.928610957;1.350969;0.510748
2.938572219;1.354562;0.510683
2.948533481;1.358089;0.510714
2.958494743;1.361311;0.510515
2.968456004;1.364815;0.510542
2.978417266;1.368565;0.510496
2.988378528;1.371738;0.510526
2.99833979;1.375162;0.510548
3.008301051;1.378832;0.510428
3.018262313;1.38233;0.510441
3.028223575;1.385912;0.51045
3.038184837;1.389116;0.510494
3.048146099;1.392574;0.510478
3.05810736;1.396345;0.510543
3.068068622;1.399401;0.510483
3.078029884;1.40257;0.510447
3.087991146;1.40643;0.510411
3.097952407;1.410121;0.510407
3.107913669;1.41347;0.510366
3.117874931;1.416709;0.510278
3.127836193;1.420102;0.51019
3.137797454;1.42379;0.51017
3.147758716;1.427256;0.510191
3.157719978;1.430348;0.509983
3.16768124;1.433581;0.51003
3.177642501;1.437295;0.509841
3.187603763;1.440879;0.509875
3.197565025;1.444271;0.509803
3.207526287;1.447607;0.509657
3.217487548;1.450881;0.509648
3.22744881;1.45454;0.50957
3.237410072;1.457966;0.509612
3.247371334;1.460888;0.509476
3.257332595;1.464349;0.509446
3.267293857;1.468;0.509471
3.277255119;1.471373;0.509499
3.287216381;1.474886;0.509437
3.297177643;1.478128;0.509383
3.307138904;1.481649;0.509257
3.317100166;1.485407;0.509205
3.327061428;1.488523;0.509101
3.33702269;1.491789;0.509021
3.346983951;1.4954;0.509004
3.356945213;1.498837;0.509049
3.366906475;1.502372;0.508976
3.376867737;1.505611;0.509068
3.386828998;1.508879;0.508924
3.39679026;1.512636;0.50898
3.406751522;1.516008;0.508975
3.416712784;1.518931;0.508918
3.426674045;1.522461;0.508796
3.436635307;1.526021;0.508761
3.446596569;1.529242;0.508858
3.456557831;1.532688;0.508695
3.466519092;1.536017;0.508816
3.476480354;1.539487;0.508849
3.486441616;1.543019;0.508997
3.496402878;1.546228;0.508744
3.506364139;1.549433;0.50871
3.516325401;1.55285;0.508722
3.526286663;1.556168;0.508702
3.536247925;1.559514;0.508746
3.546209186;1.56298;0.508637
3.556170448;1.566235;0.508864
3.56613171;1.569544;0.508904
3.576092972;1.572881;0.508878
3.586054234;1.576168;0.508596
3.596015495;1.579307;0.508537
3.605976757;1.58255;0.508487
3.615938019;1.585935;0.508487
3.625899281;1.589223;0.508471
3.635860542;1.592557;0.508495
3.645821804;1.595732;0.508584
3.655783066;1.59902;0.508708
3.665744328;1.60255;0.508754
3.675705589;1.605846;0.508695
3.685666851;1.609088;0.508822
3.695628113;1.612235;0.508816
3.705589375;1.615341;0.508816
3.715550636;1.618758;0.508938
3.725511898;1.621916;0.508992
3.73547316;1.62501;0.509147
3.745434422;1.628252;0.509278
3.755395683;1.631526;0.509331
3.765356945;1.635058;0.509298
3.775318207;1.637952;0.509282
3.785279469;1.640756;0.50918
3.79524073;1.644316;0.509125
3.805201992;1.647682;0.509251
3.815163254;1.650924;0.509281
3.825124516;1.654087;0.509313
3.835085778;1.657335;0.509382
3.845047039;1.660776;0.509463
3.855008301;1.663933;0.509383
3.864969563;1.66711;0.509415
3.874930825;1.670321;0.50941
3.884892086;1.673558;0.509354
3.894853348;1.676908;0.509435
3.90481461;1.680075;0.509364
3.914775872;1.683239;0.50939
3.924737133;1.68648;0.509501
3.934698395;1.689673;0.509389
3.944659657;1.692968;0.509395
3.954620919;1.696295;0.50945
3.96458218;1.699501;0.509415
3.974543442;1.702692;0.509407
3.984504704;1.70606;0.509373
3.994465966;1.709286;0.509409
4.004427227;1.712314;0.509249
4.014388489;1.715616;0.509289
4.024349751;1.719006;0.509226
4.034311013;1.722209;0.509235
4.044272274;1.725403;0.509234
4.054233536;1.728718;0.509166
4.064194798;1.732168;0.50914
4.07415606;1.735338;0.509103
4.084117322;1.738417;0.509076
4.094078583;1.741731;0.509053
4.104039845;1.745051;0.509113
4.114001107;1.748364;0.509168
4.123962369;1.751776;0.509103
4.13392363;1.755089;0.509164
4.143884892;1.758409;0.509223
4.153846154;1.761856;0.509197
4.163807416;1.765087;0.509105
4.173768677;1.768149;0.509096
4.183729939;1.771513;0.509002
4.193691201;1.774987;0.508934
4.203652463;1.778206;0.508888
4.213613724;1.78123;0.508765
4.223574986;1.784548;0.508801
4.233536248;1.788301;0.508785
4.24349751;1.791671;0.508774
4.253458771;1.794652;0.508681
4.263420033;1.797942;0.508569
4.273381295;1.801426;0.50852
4.283342557;1.804778;0.508481
4.293303818;1.808072;0.508404
4.30326508;1.81131;0.508324
4.313226342;1.814656;0.508466
4.323187604;1.818044;0.508389
4.333148866;1.821314;0.508395
4.343110127;1.8247;0.50836
4.353071389;1.828008;0.508211
4.363032651;1.831299;0.508217
4.372993913;1.834637;0.508176
4.382955174;1.837898;0.508127
4.392916436;1.841267;0.508125
4.402877698;1.8446;0.508051
4.41283896;1.847975;0.507985
4.422800221;1.851438;0.507986
4.432761483;1.854687;0.507991
4.442722745;1.857978;0.50795
4.452684007;1.861426;0.508056
4.462645268;1.864754;0.508095
4.47260653;1.867929;0.507931
4.482567792;1.871095;0.508006
4.492529054;1.874582;0.507981
4.502490315;1.878263;0.508023
4.512451577;1.881518;0.508105
4.522412839;1.884733;0.507942
4.532374101;1.888195;0.507945
4.542335362;1.891553;0.507953
4.552296624;1.894921;0.507969
4.562257886;1.898108;0.507833
4.572219148;1.901043;0.507877
4.58218041;1.904659;0.507749
4.592141671;1.908321;0.507699
4.602102933;1.911506;0.507792
4.612064195;1.914861;0.507561
4.622025457;1.918213;0.507505
4.631986718;1.921765;0.507436
4.64194798;1.925217;0.507504
4.651909242;1.928073;0.507351
4.661870504;1.931293;0.507302
4.671831765;1.934969;0.507201
4.681793027;1.938313;0.507283
4.691754289;1.941656;0.507315
4.701715551;1.944955;0.50717
4.711676812;1.948414;0.507159
4.721638074;1.952164;0.5071
4.731599336;1.955319;0.506994
4.741560598;1.9583;0.506875
4.751521859;1.961823;0.506844
4.761483121;1.965477;0.506845
4.771444383;1.968965;0.506821
4.781405645;1.972192;0.506909
4.791366906;1.975445;0.506809
4.801328168;1.979123;0.506946
4.81128943;1.982588;0.506933
4.821250692;1.985576;0.506817
4.831211954;1.988804;0.506773
4.841173215;1.992393;0.506614
4.851134477;1.995933;0.506667
4.861095739;1.999261;0.506626
4.871057001;2.002563;0.506611
4.881018262;2.006128;0.506612
4.890979524;2.009717;0.506704
4.900940786;2.013136;0.506615
4.910902048;2.016306;0.506462
4.920863309;2.019458;0.506523
4.930824571;2.022993;0.506301
4.940785833;2.026442;0.50649
4.950747095;2.029727;0.506446
4.960708356;2.033075;0.506508
4.970669618;2.036455;0.506664
4.98063088;2.039804;0.506697
4.990592142;2.043154;0.50656
5.000553403;2.046226;0.506482
5.010514665;2.049351;0.506511
5.020475927;2.05283;0.506451
5.030437189;2.056217;0.506545
5.04039845;2.059508;0.506615
5.050359712;2.06266;0.506649
5.060320974;2.065955;0.506856
5.070282236;2.0695;0.506828
5.080243498;2.072751;0.506881
5.090204759;2.07602;0.506921
5.100166021;2.079202;0.506872
5.110127283;2.082288;0.506992
5.120088545;2.085716;0.506947
5.130049806;2.088878;0.50703
5.140011068;2.092049;0.507119
5.14997233;2.09541;0.507265
5.159933592;2.098702;0.507266
5.169894853;2.10205;0.507107
5.179856115;2.104878;0.507171
5.189817377;2.107954;0.507023
5.199778639;2.111636;0.506955
5.2097399;2.114866;0.507073
5.219701162;2.118049;0.506971
5.229662424;2.121468;0.506988
5.239623686;2.124873;0.507097
5.249584947;2.128272;0.507136
5.259546209;2.131404;0.506977
5.269507471;2.134527;0.507065
5.279468733;2.137978;0.506994
5.289429994;2.141318;0.50706
5.299391256;2.144549;0.507114
5.309352518;2.147772;0.507017
5.31931378;2.151006;0.507077
5.329275042;2.154387;0.507151
5.339236303;2.15765;0.507011
5.349197565;2.160813;0.507019
5.359158827;2.16421;0.507058
5.369120089;2.167559;0.507082
5.37908135;2.170727;0.507063
5.389042612;2.173964;0.507037
5.399003874;2.177097;0.50691
5.408965136;2.180328;0.506742
5.418926397;2.183801;0.506761
5.428887659;2.186963;0.506605
5.438848921;2.189907;0.506698
5.448810183;2.193212;0.506593
5.458771444;2.196658;0.50657
5.468732706;2.199986;0.506667
5.478693968;2.203161;0.506542
5.48865523;2.20622;0.506504
5.498616491;2.209518;0.506501
5.508577753;2.212936;0.506633
5.518539015;2.216276;0.506552
5.528500277;2.219542;0.506551
5.538461538;2.222748;0.506619
5.5484228;2.226167;0.506603
5.558384062;2.229599;0.506599
5.568345324;2.232689;0.506504
5.578306586;2.235717;0.506464
5.588267847;2.239122;0.506401
5.598229109;2.24259;0.506322
5.608190371;2.245632;0.506392
5.618151633;2.248535;0.506405
5.628112894;2.252007;0.506398
5.638074156;2.25573;0.50637
5.648035418;2.258946;0.506385
5.65799668;2.262018;0.506335
5.667957941;2.265392;0.50621
5.677919203;2.26882;0.506279
5.687880465;2.272151;0.506239
5.697841727;2.275447;0.506143
5.707802988;2.278697;0.506198
5.71776425;2.282029;0.506175
5.727725512;2.28546;0.506068
5.737686774;2.288789;0.506268
5.747648035;2.292085;0.506103
5.757609297;2.295463;0.506005
5.767570559;2.298741;0.506153
5.777531821;2.302048;0.506087
5.787493082;2.305456;0.506023
5.797454344;2.308609;0.506096
5.807415606;2.31192;0.505952
5.817376868;2.3155;0.505863
5.827338129;2.31887;0.505963
5.837299391;2.322183;0.505867
5.847260653;2.325494;0.505971
5.857221915;2.328836;0.506063
5.867183177;2.332299;0.505968
5.877144438;2.335522;0.505972
5.8871057;2.338513;0.506023
5.897066962;2.342138;0.506012
5.907028224;2.345906;0.506032
5.916989485;2.349067;0.506084
5.926950747;2.352393;0.505902
5.936912009;2.355793;0.50597
5.946873271;2.359095;0.505916
5.956834532;2.362574;0.50597
5.966795794;2.365738;0.505946
5.976757056;2.36873;0.505899
5.986718318;2.372271;0.505832
5.996679579;2.375809;0.505852
6.006640841;2.37919;0.505788
6.016602103;2.382589;0.505596
6.026563365;2.385857;0.505619
6.036524626;2.389295;0.505625
6.046485888;2.392529;0.505622
6.05644715;2.39572;0.505581
6.066408412;2.399163;0.505499
6.076369673;2.402511;0.505453
6.086330935;2.40586;0.505519
6.096292197;2.409284;0.505276
6.106253459;2.412724;0.505238
6.116214721;2.416276;0.505276
6.126175982;2.419651;0.505276
6.136137244;2.422801;0.505107
6.146098506;2.426055;0.505073
6.156059768;2.429563;0.505152
6.166021029;2.433111;0.505102
6.175982291;2.436462;0.505171
6.185943553;2.439756;0.505124
6.195904815;2.443163;0.505126
6.205866076;2.446583;0.505294
6.215827338;2.449901;0.505194
6.2257886;2.453129;0.505229
6.235749862;2.456379;0.505147
6.245711123;2.459933;0.505017
6.255672385;2.463317;0.505056
6.265633647;2.466563;0.504988
6.275594909;2.470043;0.505027
6.28555617;2.473381;0.504968
6.295517432;2.476805;0.504954
6.305478694;2.480438;0.505017
6.315439956;2.483734;0.504942
6.325401217;2.486756;0.5048
6.335362479;2.49013;0.504841
6.345323741;2.493652;0.504922
6.355285003;2.497059;0.504886
6.365246265;2.500295;0.505034
6.375207526;2.503447;0.505095
6.385168788;2.507004;0.505175
6.39513005;2.510521;0.505136
6.405091312;2.513435;0.505105
6.415052573;2.516616;0.505074
6.425013835;2.52009;0.505065
6.434975097;2.523421;0.505197
6.444936359;2.526816;0.50513
6.45489762;2.529988;0.505252
6.464858882;2.533314;0.505362
6.474820144;2.536867;0.505333
6.484781406;2.540269;0.505482
6.494742667;2.543579;0.505437
6.504703929;2.546637;0.50544
6.514665191;2.549891;0.505454
6.524626453;2.553336;0.505531
6.534587714;2.556495;0.505551
6.544548976;2.559768;0.505687
6.554510238;2.563055;0.505747
6.5644715;2.566501;0.50571
6.574432761;2.569886;0.505643
6.584394023;2.572603;0.505664
6.594355285;2.575871;0.505451
6.604316547;2.579546;0.505438
6.614277809;2.582697;0.505523
6.62423907;2.585996;0.505455
6.634200332;2.589342;0.505506
6.644161594;2.592654;0.505584
6.654122856;2.596176;0.505606
6.664084117;2.599498;0.505588
6.674045379;2.602604;0.505614
6.684006641;2.605942;0.505493
6.693967903;2.609358;0.505288
6.703929164;2.612522;0.504976
6.713890426;2.615328;0.50493
6.723851688;2.617747;0.504404
6.73381295;2.619723;0.504242
6.743774211;2.621779;0.504102
6.753735473;2.624429;0.504089
6.763696735;2.627252;0.504535
6.773657997;2.630024;0.505326
6.783619258;2.632487;0.506017
6.79358052;2.634343;0.506726
6.803541782;2.636337;0.507881
6.813503044;2.63851;0.508898
6.823464305;2.640277;0.50997
6.833425567;2.64203;0.511196
6.843386829;2.643607;0.512523
6.853348091;2.64503;0.513948
6.863309353;2.646619;0.515459
6.873270614;2.647974;0.517039
6.883231876;2.649041;0.518715
6.893193138;2.649984;0.520549
6.9031544;2.650917;0.522182
6.913115661;2.651775;0.523952
6.923076923;2.652559;0.525678
6.933038185;2.653293;0.527706
6.942999447;2.653736;0.529648
6.952960708;2.654167;0.531835
6.96292197;2.654945;0.534055
6.972883232;2.655392;0.536232
6.982844494;2.655563;0.538588
6.992805755;2.655905;0.541147
7.002767017;2.656023;0.543642
7.012728279;2.655827;0.54631
7.022689541;2.655508;0.548713
7.032650802;2.655251;0.551307
7.042612064;2.655313;0.553959
7.052573326;2.654995;0.55659
7.062534588;2.654624;0.55917
7.072495849;2.654551;0.562201
7.082457111;2.654099;0.56499
7.092418373;2.653728;0.568016
7.102379635;2.653151;0.570933
7.112340897;2.652244;0.573737
7.122302158;2.652015;0.576661
7.13226342;2.651564;0.579372
7.142224682;2.650812;0.582565
7.152185944;2.650257;0.58557
7.162147205;2.649663;0.588695
7.172108467;2.649316;0.59169
7.182069729;2.648463;0.594898
7.192030991;2.647752;0.597902
7.201992252;2.647546;0.601073
7.211953514;2.64685;0.604027
7.221914776;2.64606;0.607393
7.231876038;2.645447;0.610566
7.241837299;2.644385;0.613586
7.251798561;2.64327;0.616849
7.261759823;2.642525;0.619998
7.271721085;2.642212;0.623254
7.281682346;2.641844;0.626563
7.291643608;2.640799;0.629876
7.30160487;2.639883;0.633147
7.311566132;2.63902;0.636397
7.321527393;2.637737;0.639749
7.331488655;2.637194;0.642932
7.341449917;2.636744;0.646247
7.351411179;2.635869;0.649616
7.361372441;2.635151;0.652875
7.371333702;2.634423;0.656226
7.381294964;2.633629;0.659378
7.391256226;2.632564;0.662718
7.401217488;2.631819;0.666174
7.411178749;2.631687;0.669311
7.421140011;2.630877;0.672585
7.431101273;2.629782;0.67611
7.441062535;2.629189;0.679343
7.451023796;2.628376;0.68278
7.460985058;2.627563;0.686202
7.47094632;2.627108;0.689653
7.480907582;2.626886;0.692823
7.490868843;2.626396;0.696028
7.500830105;2.625442;0.699513
7.510791367;2.62492;0.702795
7.520752629;2.6244;0.706328
7.53071389;2.623551;0.709857
7.540675152;2.623359;0.713169
7.550636414;2.623342;0.716484
7.560597676;2.622773;0.719746
7.570558937;2.622205;0.723093
7.580520199;2.621684;0.726405
7.590481461;2.621079;0.729649
7.600442723;2.620606;0.732985
7.610403985;2.62029;0.736479
7.620365246;2.620451;0.739588
7.630326508;2.620129;0.742859
7.64028777;2.619374;0.746119
7.650249032;2.619276;0.749452
7.660210293;2.619059;0.752807
7.670171555;2.618514;0.755972
7.680132817;2.618227;0.759359
7.690094079;2.618043;0.762825
7.70005534;2.617969;0.765814
7.710016602;2.61767;0.769083
7.719977864;2.617193;0.77209
7.729939126;2.616955;0.775481
7.739900387;2.616725;0.778768
7.749861649;2.616405;0.781973
7.759822911;2.616074;0.785078
7.769784173;2.615787;0.788405
7.779745434;2.615742;0.79157
7.789706696;2.615604;0.794597
7.799667958;2.615389;0.797822
7.80962922;2.615246;0.800945
7.819590481;2.614999;0.804015
7.829551743;2.614752;0.807244
7.839513005;2.614549;0.810464
7.849474267;2.614573;0.813683
7.859435529;2.614572;0.8169
7.86939679;2.614279;0.81997
7.879358052;2.614143;0.823069
7.889319314;2.614093;0.826268
7.899280576;2.614034;0.829322
7.909241837;2.613989;0.83256
7.919203099;2.61389;0.835632
7.929164361;2.613655;0.838837
7.939125623;2.613754;0.842007
7.949086884;2.613844;0.845093
7.959048146;2.613592;0.848133
7.969009408;2.613613;0.851268
7.97897067;2.613457;0.854458
7.988931931;2.613325;0.857519
7.998893193;2.613394;0.860762
8.008854455;2.613176;0.863822
8.018815717;2.613402;0.867018
8.028776978;2.613609;0.870139
8.03873824;2.613305;0.873196
8.048699502;2.61338;0.876097
8.058660764;2.613415;0.87906
8.068622025;2.613521;0.881936
8.078583287;2.613605;0.884851
8.088544549;2.612983;0.887596
8.098505811;2.612903;0.890345
8.108467072;2.613404;0.893323
8.118428334;2.613418;0.896314
8.128389596;2.613373;0.899111
8.138350858;2.613292;0.901951
8.14831212;2.613327;0.904979
8.158273381;2.613578;0.907827
8.168234643;2.613472;0.910706
8.178195905;2.613267;0.913661
8.188157167;2.613337;0.91655
8.198118428;2.613439;0.919495
8.20807969;2.613491;0.92243
8.218040952;2.613586;0.925406
8.228002214;2.613809;0.928295
8.237963475;2.613788;0.931365
8.247924737;2.613559;0.934281
8.257885999;2.613469;0.937257
8.267847261;2.613432;0.940302
8.277808522;2.613353;0.943345
8.287769784;2.613372;0.946429
8.297731046;2.613616;0.949371
8.307692308;2.613913;0.952681
8.317653569;2.613803;0.955437
8.327614831;2.613636;0.958456
8.337576093;2.613794;0.961386
8.347537355;2.613739;0.964261
8.357498616;2.613378;0.967188
8.367459878;2.613176;0.970125
8.37742114;2.613487;0.973239
8.387382402;2.613953;0.97637
8.397343664;2.614172;0.979357
8.407304925;2.613841;0.982108
8.417266187;2.613813;0.985093
8.427227449;2.614017;0.987606
8.437188711;2.613628;0.990796
8.447149972;2.613531;0.993547
8.457111234;2.613423;0.996401
8.467072496;2.613343;0.999437
8.477033758;2.613651;1.002355
8.486995019;2.613619;1.005536
8.496956281;2.613606;1.008206
8.506917543;2.613596;1.011256
8.516878805;2.613287;1.014305
8.526840066;2.613192;1.017033
8.536801328;2.612944;1.020052
8.54676259;2.612655;1.022859
8.556723852;2.612811;1.025778
8.566685113;2.612957;1.028806
8.576646375;2.613023;1.031779
8.586607637;2.612982;1.034784
8.596568899;2.612853;1.037646
8.60653016;2.612795;1.04054
8.616491422;2.612636;1.043345
8.626452684;2.612385;1.04626
8.636413946;2.612421;1.04919
8.646375208;2.612518;1.05223
8.656336469;2.612446;1.055295
8.666297731;2.612624;1.05833
8.676258993;2.612808;1.061114
8.686220255;2.612863;1.063926
8.696181516;2.612792;1.067038
8.706142778;2.612551;1.069909
8.71610404;2.612553;1.072961
8.726065302;2.612652;1.07593
8.736026563;2.612765;1.07899
8.745987825;2.612848;1.081814
8.755949087;2.612593;1.084643
8.765910349;2.612596;1.087837
8.77587161;2.612841;1.09074
8.785832872;2.612639;1.093742
8.795794134;2.612324;1.096661
8.805755396;2.612349;1.099765
8.815716657;2.612455;1.102773
8.825677919;2.612443;1.105742
8.835639181;2.612155;1.108856
8.845600443;2.611941;1.111896
8.855561704;2.612143;1.115089
8.865522966;2.612226;1.117959
8.875484228;2.611802;1.12086
8.88544549;2.611579;1.123922
8.895406752;2.611641;1.126873
8.905368013;2.611563;1.129894
8.915329275;2.611431;1.132874
8.925290537;2.611233;1.136185
8.935251799;2.611195;1.139145
8.94521306;2.611508;1.142142
8.955174322;2.611553;1.145049
8.965135584;2.611334;1.148
8.975096846;2.611383;1.151086
8.985058107;2.611297;1.154056
8.995019369;2.611261;1.157106
9.004980631;2.611202;1.160031
9.014941893;2.610863;1.163105
9.024903154;2.611019;1.166182
9.034864416;2.61147;1.169304
9.044825678;2.611219;1.172144
9.05478694;2.610924;1.175466
9.064748201;2.610974;1.178409
9.074709463;2.610812;1.18167
9.084670725;2.610737;1.184728
9.094631987;2.610496;1.187927
9.104593248;2.610413;1.1912
9.11455451;2.610731;1.194384
9.124515772;2.610629;1.197415
9.134477034;2.61032;1.200316
9.144438296;2.610164;1.203676
9.154399557;2.610081;1.206504
9.164360819;2.61006;1.209662
9.174322081;2.609872;1.212667
9.184283343;2.609717;1.215845
9.194244604;2.60961;1.219074
9.204205866;2.60944;1.22228
9.214167128;2.609461;1.225271
9.22412839;2.609282;1.228236
9.234089651;2.609087;1.231498
9.244050913;2.609272;1.234492
9.254012175;2.60917;1.237575
9.263973437;2.608944;1.240553
9.273934698;2.608994;1.24377
9.28389596;2.608825;1.246879
9.293857222;2.608641;1.250066
9.303818484;2.608679;1.253066
9.313779745;2.608634;1.256424
9.323741007;2.60848;1.259323
9.333702269;2.608335;1.26242
9.343663531;2.608319;1.265616
9.353624792;2.607968;1.268826
9.363586054;2.60805;1.271935
9.373547316;2.608093;1.275027
9.383508578;2.607643;1.27824
9.39346984;2.607783;1.281363
9.403431101;2.60785;1.284365
9.413392363;2.607638;1.287529
9.423353625;2.607763;1.29057
9.433314887;2.607396;1.293694
9.443276148;2.606933;1.296669
9.45323741;2.607012;1.299543
9.463198672;2.606963;1.302649
9.473159934;2.606857;1.305617
9.483121195;2.606653;1.308434
9.493082457;2.606547;1.311315
9.503043719;2.606882;1.314088
9.513004981;2.606909;1.317001
9.522966242;2.606715;1.319745
9.532927504;2.606551;1.322544
9.542888766;2.606399;1.325285
9.552850028;2.606556;1.328054
9.562811289;2.606579;1.330949
9.572772551;2.606351;1.333954
9.582733813;2.60633;1.336723
9.592695075;2.606321;1.339575
9.602656336;2.606525;1.342433
9.612617598;2.606665;1.345476
9.62257886;2.606208;1.348395
9.632540122;2.605939;1.35122
9.642501384;2.606042;1.354248
9.652462645;2.606099;1.357194
9.662423907;2.605939;1.36029
9.672385169;2.605682;1.363241
9.682346431;2.605898;1.366248
9.692307692;2.60629;1.369407
9.702268954;2.606202;1.372294
9.712230216;2.606028;1.375441
9.722191478;2.605861;1.378515
9.732152739;2.605772;1.381495
9.742114001;2.605796;1.384603
9.752075263;2.605435;1.387638
9.762036525;2.605477;1.390572
9.771997786;2.605957;1.393616
9.781959048;2.605971;1.396715
9.79192031;2.605714;1.399739
9.801881572;2.60536;1.402859
9.811842833;2.605388;1.405866
9.821804095;2.605708;1.408909
9.831765357;2.605336;1.412128
9.841726619;2.604892;1.415212
9.85168788;2.605193;1.418157
9.861649142;2.605496;1.421304
9.871610404;2.605601;1.42433
9.881571666;2.605329;1.42752
9.891532928;2.604915;1.430648
9.901494189;2.605003;1.433587
9.911455451;2.605008;1.436698
9.921416713;2.604648;1.439646
9.931377975;2.604471;1.442797
9.941339236;2.604624;1.445768
9.951300498;2.6048;1.448908
9.96126176;2.604866;1.451919
9.971223022;2.604701;1.454836
9.981184283;2.604479;1.457952
9.991145545;2.604471;1.460881
10.00110681;2.604339;1.463851
10.01106807;2.604016;1.466898
10.02102933;2.604035;1.469817
10.03099059;2.604218;1.472876
10.04095185;2.604223;1.475924
10.05091312;2.604056;1.479035
10.06087438;2.603891;1.482154
10.07083564;2.603982;1.485056
10.0807969;2.6041;1.488066
10.09075816;2.603829;1.491066
10.10071942;2.603433;1.494028
10.11068069;2.603469;1.497027
10.12064195;2.60362;1.500179
10.13060321;2.603599;1.503339
10.14056447;2.603385;1.506604
10.15052573;2.602965;1.509668
10.160487;2.603149;1.51257
10.17044826;2.603508;1.515524
10.18040952;2.603079;1.518656
10.19037078;2.60266;1.521655
10.20033204;2.602671;1.524779
10.2102933;2.602848;1.527937
10.22025457;2.602954;1.531208
10.23021583;2.602713;1.534329
10.24017709;2.602394;1.537269
10.25013835;2.602449;1.540367
10.26009961;2.602469;1.54347
10.27006087;2.6022;1.546568
10.28002214;2.601998;1.549635
10.2899834;2.602041;1.552664
10.29994466;2.601995;1.555901
10.30990592;2.601869;1.55903
10.31986718;2.60207;1.56209
10.32982844;2.602201;1.565028
10.33978971;2.601973;1.568069
10.34975097;2.601643;1.57099
10.35971223;2.601483;1.574061
10.36967349;2.60155;1.577047
10.37963475;2.601501;1.580056
10.38959602;2.601324;1.583184
10.39955728;2.601373;1.586215
10.40951854;2.601436;1.589194
10.4194798;2.601525;1.591933
10.42944106;2.601586;1.594872
10.43940232;2.601298;1.597915
10.44936359;2.60111;1.600798
10.45932485;2.601231;1.603734
10.46928611;2.601363;1.606585
10.47924737;2.601362;1.609655
10.48920863;2.60143;1.612628
10.49916989;2.601416;1.615622
10.50913116;2.601497;1.618392
10.51909242;2.601532;1.621229
10.52905368;2.601397;1.624181
10.53901494;2.60132;1.626894
10.5489762;2.60124;1.629891
10.55893747;2.601271;1.632787
10.56889873;2.601081;1.635687
10.57885999;2.600883;1.63848
10.58882125;2.601049;1.641345
10.59878251;2.601051;1.64431
10.60874377;2.601016;1.647079
10.61870504;2.600934;1.649966
10.6286663;2.600852;1.652832
10.63862756;2.60117;1.65574
10.64858882;2.601107;1.65872
10.65855008;2.600613;1.661636
10.66851134;2.600497;1.664589
10.67847261;2.600907;1.667498
10.68843387;2.600918;1.67049
10.69839513;2.600628;1.673485
10.70835639;2.600628;1.67639
10.71831765;2.600642;1.679411
10.72827892;2.600825;1.682327
10.73824018;2.60086;1.685276
10.74820144;2.600537;1.688288
10.7581627;2.600584;1.691238
10.76812396;2.600797;1.694359
10.77808522;2.600768;1.697398
10.78804649;2.600713;1.700503
10.79800775;2.600571;1.703476
10.80796901;2.600522;1.706452
10.81793027;2.600862;1.709663
10.82789153;2.601012;1.712686
10.83785279;2.600695;1.715809
10.84781406;2.600752;1.718592
10.85777532;2.600883;1.721359
10.86773658;2.600819;1.72427
10.87769784;2.600548;1.727203
10.8876591;2.600281;1.730179
10.89762037;2.600485;1.732922
10.90758163;2.600818;1.735916
10.91754289;2.600816;1.738784
10.92750415;2.600526;1.741647
10.93746541;2.600291;1.744389
10.94742667;2.60017;1.747137
10.95738794;2.600259;1.749962
10.9673492;2.600219;1.752764
10.97731046;2.599889;1.755721
10.98727172;2.599981;1.75842
10.99723298;2.600128;1.761425
11.00719424;2.60012;1.764421
11.01715551;2.600078;1.767424
11.02711677;2.599901;1.77034
11.03707803;2.599922;1.773413
11.04703929;2.600076;1.776546
11.05700055;2.600074;1.779548
11.06696182;2.599858;1.782586
11.07692308;2.599712;1.785544
11.08688434;2.600113;1.788674
11.0968456;2.600361;1.791664
11.10680686;2.600036;1.794813
11.11676812;2.599961;1.797948
11.12672939;2.600072;1.801184
11.13669065;2.600196;1.804189
11.14665191;2.600087;1.80729
11.15661317;2.599709;1.810144
11.16657443;2.600258;1.813151
11.17653569;2.601026;1.816401
11.18649696;2.600648;1.819643
11.19645822;2.599856;1.823329
11.20641948;2.599705;1.826983
11.21638074;2.598876;1.830248
11.226342;2.597786;1.833942
11.23630327;2.596891;1.83703
11.24626453;2.595431;1.840585
11.25622579;2.594336;1.843784
11.26618705;2.593095;1.846195
11.27614831;2.591866;1.848589
11.28610957;2.591184;1.850254
11.29607084;2.589955;1.852182
11.3060321;2.588093;1.853739
11.31599336;2.586429;1.855138
11.32595462;2.584764;1.856573
11.33591588;2.583046;1.857712
11.34587714;2.58114;1.85902
11.35583841;2.578949;1.859763
11.36579967;2.577078;1.860608
11.37576093;2.574989;1.861232
11.38572219;2.572246;1.861703
11.39568345;2.569678;1.862265
11.40564471;2.567266;1.8626
11.41560598;2.564755;1.863143
11.42556724;2.56217;1.863448
11.4355285;2.559185;1.863703
11.44548976;2.556187;1.86399
11.45545102;2.553262;1.864219
11.46541229;2.550204;1.864378
11.47537355;2.546968;1.864332
11.48533481;2.543559;1.864477
11.49529607;2.540381;1.864333
11.50525733;2.537255;1.864476
11.51521859;2.533798;1.864358
11.52517986;2.530368;1.864289
11.53514112;2.526868;1.864465
11.54510238;2.523198;1.864381
11.55506364;2.51977;1.864326
11.5650249;2.515917;1.864126
11.57498616;2.511979;1.864162
11.58494743;2.508731;1.864103
11.59490869;2.504828;1.863989
11.60486995;2.500677;1.863923
11.61483121;2.496961;1.863913
11.62479247;2.492781;1.86403
11.63475374;2.488837;1.863798
11.644715;2.484916;1.864106
11.65467626;2.48089;1.863834
11.66463752;2.477008;1.863993
11.67459878;2.472708;1.863966
11.68456004;2.468535;1.863945
11.69452131;2.464463;1.86414
11.70448257;2.460163;1.863979
11.71444383;2.456253;1.863995
11.72440509;2.452117;1.863963
11.73436635;2.447851;1.863723
11.74432761;2.443638;1.863854
11.75428888;2.43904;1.863734
11.76425014;2.434834;1.863786
11.7742114;2.430884;1.863674
11.78417266;2.426548;1.863863
11.79413392;2.422252;1.863699
11.80409519;2.417845;1.863841
11.81405645;2.413469;1.863928
11.82401771;2.40938;1.863924
11.83397897;2.405015;1.863768
11.84394023;2.400973;1.864021
11.85390149;2.396805;1.863903
11.86386276;2.392197;1.863723
11.87382402;2.388062;1.863796
11.88378528;2.38364;1.863841
11.89374654;2.379215;1.863849
11.9037078;2.374993;1.863861
11.91366906;2.370645;1.863921
11.92363033;2.366664;1.864033
11.93359159;2.362351;1.86388
11.94355285;2.357846;1.864109
11.95351411;2.353698;1.864082
11.96347537;2.349211;1.86404
11.97343664;2.345042;1.863821
11.9833979;2.341072;1.864053
11.99335916;2.336747;1.864101
12.00332042;2.332511;1.864031
12.01328168;2.328135;1.864239
12.02324294;2.323996;1.864269
12.03320421;2.320044;1.864376
12.04316547;2.315405;1.864215
12.05312673;2.311155;1.86427
12.06308799;2.307072;1.864373
12.07304925;2.302651;1.86444
12.08301051;2.298577;1.864512
12.09297178;2.294517;1.86474
12.10293304;2.29041;1.864724
12.1128943;2.28625;1.864542
12.12285556;2.282138;1.864606
12.13281682;2.278124;1.864735
12.14277809;2.273952;1.864656
12.15273935;2.26972;1.864906
12.16270061;2.265916;1.864934
12.17266187;2.261976;1.864987
12.18262313;2.257759;1.86489
12.19258439;2.253787;1.864616
12.20254566;2.249772;1.864803
12.21250692;2.245831;1.864793
12.22246818;2.241981;1.864874
12.23242944;2.237975;1.864847
12.2423907;2.234052;1.864935
12.25235196;2.230232;1.864968
12.26231323;2.226288;1.864782
12.27227449;2.222307;1.86502
12.28223575;2.21851;1.865005
12.29219701;2.214711;1.865047
12.30215827;2.210663;1.865205
12.31211954;2.206785;1.865119
12.3220808;2.203006;1.865421
12.33204206;2.199047;1.86527
12.34200332;2.195174;1.865348
12.35196458;2.191459;1.865518
12.36192584;2.187708;1.865447
12.37188711;2.183902;1.865575
12.38184837;2.180044;1.865504
12.39180963;2.176152;1.86562
12.40177089;2.172612;1.865798
12.41173215;2.169078;1.866065
12.42169341;2.165448;1.866025
12.43165468;2.161942;1.865984
12.44161594;2.158169;1.866172
12.4515772;2.154495;1.866214
12.46153846;2.150963;1.866399
12.47149972;2.147125;1.866358
12.48146099;2.143554;1.866327
12.49142225;2.140085;1.866468
12.50138351;2.136275;1.866513
12.51134477;2.132838;1.866587
12.52130603;2.129533;1.866641
12.53126729;2.125967;1.866748
12.54122856;2.12245;1.866809
12.55118982;2.118862;1.866875
12.56115108;2.115287;1.866936
12.57111234;2.11183;1.86716
12.5810736;2.108391;1.867345
12.59103486;2.104944;1.86737
12.60099613;2.101548;1.867383
12.61095739;2.098298;1.867429
12.62091865;2.094928;1.867426
12.63087991;2.091385;1.86743
12.64084117;2.087987;1.86745
12.65080243;2.08473;1.867506
12.6607637;2.081535;1.867775
12.67072496;2.078268;1.867795
12.68068622;2.074848;1.867687
12.69064748;2.07164;1.867668
12.70060874;2.068596;1.867728
12.71057001;2.065254;1.867775
12.72053127;2.061784;1.867773
12.73049253;2.058489;1.867823
12.74045379;2.055424;1.867834
12.75041505;2.052267;1.868004
12.76037631;2.048944;1.868068
12.77033758;2.045856;1.867939
12.78029884;2.042735;1.868031
12.7902601;2.03967;1.868034
12.80022136;2.036554;1.868061
12.81018262;2.033129;1.868191
12.82014388;2.029916;1.868238
12.83010515;2.026803;1.868369
12.84006641;2.023606;1.868272
12.85002767;2.020537;1.868281
12.85998893;2.017621;1.868238
12.86995019;2.014673;1.868227
12.87991146;2.011477;1.868264
12.88987272;2.008442;1.86819
12.89983398;2.005521;1.868289
12.90979524;2.00231;1.868276
12.9197565;1.999227;1.86831
12.92971776;1.996277;1.868558
12.93967903;1.993185;1.868537
12.94964029;1.990248;1.868485
12.95960155;1.987273;1.868368
12.96956281;1.984311;1.868421
12.97952407;1.981358;1.868364
12.98948533;1.978337;1.868369
12.9994466;1.975432;1.868396
13.00940786;1.972229;1.868437
13.01936912;1.96891;1.868492
13.02933038;1.966038;1.868473
13.03929164;1.963115;1.868455
13.04925291;1.960236;1.868486
13.05921417;1.957403;1.868451
13.06917543;1.954237;1.868514
13.07913669;1.951368;1.868486
13.08909795;1.948539;1.868533
13.09905921;1.945409;1.868567
13.10902048;1.942418;1.868624
13.11898174;1.939497;1.868644
13.128943;1.936557;1.868591
13.13890426;1.933874;1.868581
13.14886552;1.931284;1.868604
13.15882678;1.928188;1.868578
13.16878805;1.925058;1.868488
13.17874931;1.92233;1.868506
13.18871057;1.919436;1.868473
13.19867183;1.91632;1.868529
13.20863309;1.913367;1.868595
13.21859436;1.910398;1.868701
13.22855562;1.90731;1.868708
13.23851688;1.904425;1.868846
13.24847814;1.901733;1.868816
13.2584394;1.898831;1.868977
13.26840066;1.895702;1.868969
13.27836193;1.892803;1.868913
13.28832319;1.890058;1.868988
13.29828445;1.887069;1.868976
13.30824571;1.883896;1.868978
13.31820697;1.880793;1.868909
13.32816823;1.877914;1.868782
13.3381295;1.875179;1.868803
13.34809076;1.87223;1.868926
13.35805202;1.869133;1.868797
13.36801328;1.866243;1.868831
13.37797454;1.863485;1.868689
13.38793581;1.860522;1.868783
13.39789707;1.857306;1.86882
13.40785833;1.854269;1.868805
13.41781959;1.851461;1.869015
13.42778085;1.848239;1.868929
13.43774211;1.845015;1.868976
13.44770338;1.842168;1.869107
13.45766464;1.839171;1.869078
13.4676259;1.836091;1.869073
13.47758716;1.832927;1.869177
13.48754842;1.829706;1.869263
13.49750968;1.826829;1.869345
13.50747095;1.823923;1.869429
13.51743221;1.82065;1.869335
13.52739347;1.817348;1.869293
13.53735473;1.814422;1.869347
13.54731599;1.811462;1.869401
13.55727726;1.808265;1.869334
13.56723852;1.805108;1.869345
13.57719978;1.801898;1.869397
13.58716104;1.798776;1.869414
13.5971223;1.795798;1.869491
13.60708356;1.792537;1.869568
13.61704483;1.789132;1.869529
13.62700609;1.786043;1.869397
13.63696735;1.782959;1.869451
13.64692861;1.77973;1.869504
13.65688987;1.776501;1.869436
13.66685113;1.773437;1.869559
13.6768124;1.77025;1.869558
13.68677366;1.766948;1.869574
13.69673492;1.76389;1.869728
13.70669618;1.760533;1.869611
13.71665744;1.757181;1.869528
13.72661871;1.754062;1.869581
13.73657997;1.750879;1.869643
13.74654123;1.747858;1.86953
13.75650249;1.744596;1.869677
13.76646375;1.741129;1.869626
13.77642501;1.738101;1.86976
13.78638628;1.73497;1.869908
13.79634754;1.731306;1.86987
13.8063088;1.727924;1.869759
13.81627006;1.724702;1.869672
13.82623132;1.72129;1.869966
13.83619258;1.718128;1.869838
13.84615385;1.71493;1.869924
13.85611511;1.711525;1.86992
13.86607637;1.708205;1.870004
13.87603763;1.704693;1.870128
13.88599889;1.701186;1.870241
13.89596015;1.697937;1.87041
13.90592142;1.694748;1.870349
13.91588268;1.69158;1.870329
13.92584394;1.688157;1.870503
13.9358052;1.684685;1.870602
13.94576646;1.681481;1.87072
13.95572773;1.678069;1.870812
13.96568899;1.674476;1.871054
13.97565025;1.670998;1.87109
13.98561151;1.667554;1.870978
13.99557277;1.664199;1.871217
14.00553403;1.66094;1.871365
14.0154953;1.657717;1.87145
14.02545656;1.654306;1.871701
14.03541782;1.650662;1.871649
14.04537908;1.647168;1.871937
14.05534034;1.643607;1.872063
14.0653016;1.63999;1.872243
14.07526287;1.63664;1.872339
14.08522413;1.633257;1.872436
14.09518539;1.629933;1.872566
14.10514665;1.626676;1.872638
14.11510791;1.623134;1.872746
14.12506918;1.619381;1.872809
14.13503044;1.615807;1.872942
14.1449917;1.612414;1.8731
14.15495296;1.608946;1.873165
14.16491422;1.605591;1.873161
14.17487548;1.602163;1.873201
14.18483675;1.598582;1.873277
14.19479801;1.595133;1.873415
14.20475927;1.591588;1.873576
14.21472053;1.587893;1.873657
14.22468179;1.584331;1.873773
14.23464305;1.580679;1.873761
14.24460432;1.577294;1.874
14.25456558;1.573911;1.873952
14.26452684;1.570195;1.874025
14.2744881;1.566782;1.87405
14.28444936;1.563263;1.874037
14.29441063;1.559375;1.874201
14.30437189;1.555629;1.874228
14.31433315;1.552088;1.874248
14.32429441;1.548745;1.874341
14.33425567;1.545318;1.874477
14.34421693;1.54155;1.874407
14.3541782;1.53807;1.874482
14.36413946;1.534803;1.874491
14.37410072;1.531106;1.874523
14.38406198;1.527209;1.874605
14.39402324;1.523643;1.874767
14.4039845;1.520391;1.874665
14.41394577;1.517064;1.874709
14.42390703;1.513392;1.874718
14.43386829;1.509712;1.874718
14.44382955;1.5063;1.874733
14.45379081;1.50274;1.874749
14.46375208;1.498813;1.874776
14.47371334;1.495209;1.874719
14.4836746;1.491878;1.874771
14.49363586;1.488492;1.874964
14.50359712;1.485004;1.874891
14.51355838;1.481387;1.875038
14.52351965;1.477931;1.875013
14.53348091;1.474348;1.875108
14.54344217;1.470692;1.875031
14.55340343;1.467284;1.875016
14.56336469;1.463875;1.87517
14.57332595;1.460705;1.875359
14.58328722;1.457259;1.875297
14.59324848;1.453551;1.875291
14.60320974;1.450258;1.875246
14.613171;1.446729;1.875408
14.62313226;1.443027;1.87547
14.63309353;1.439569;1.875564
14.64305479;1.435847;1.8756
14.65301605;1.432472;1.875671
14.66297731;1.429438;1.875905
14.67293857;1.425756;1.875806
14.68289983;1.422265;1.875806
14.6928611;1.418987;1.875824
14.70282236;1.415422;1.875901
14.71278362;1.411879;1.875835
14.72274488;1.408285;1.875646
14.73270614;1.404915;1.8757
14.7426674;1.40167;1.875971
14.75262867;1.398181;1.876
14.76258993;1.394853;1.875944
14.77255119;1.391556;1.876004
14.78251245;1.387903;1.876073
14.79247371;1.384458;1.876094
14.80243498;1.381227;1.876256
14.81239624;1.377705;1.876072
14.8223575;1.374095;1.876259
14.83231876;1.370519;1.876428
14.84228002;1.367241;1.876382
14.85224128;1.364141;1.876426
14.86220255;1.360526;1.876457
14.87216381;1.356792;1.876561
14.88212507;1.353638;1.876668
14.89208633;1.350471;1.87663
14.90204759;1.34696;1.876452
14.91200885;1.343475;1.876574
14.92197012;1.339998;1.876607
14.93193138;1.336705;1.876677
14.94189264;1.333442;1.876638
14.9518539;1.329941;1.876734
14.96181516;1.326524;1.87673
14.97177643;1.323253;1.87689
14.98173769;1.319842;1.876908
14.99169895;1.316339;1.876835
15.00166021;1.312987;1.876809
15.01162147;1.309522;1.876742
15.02158273;1.306035;1.876959
15.031544;1.302932;1.87703
15.04150526;1.299535;1.876908
15.05146652;1.296086;1.876997
15.06142778;1.292948;1.877033
15.07138904;1.289528;1.877034
15.0813503;1.286162;1.876992
15.09131157;1.282906;1.876938
15.10127283;1.279375;1.877037
15.11123409;1.275994;1.87723
15.12119535;1.272806;1.87731
15.13115661;1.269551;1.877335
15.14111787;1.266357;1.87743
15.15107914;1.262943;1.877676
15.1610404;1.259397;1.877648
15.17100166;1.256024;1.87749
15.18096292;1.252628;1.877608
15.19092418;1.249273;1.877875
15.20088545;1.246057;1.877831
15.21084671;1.24275;1.877994
15.22080797;1.239336;1.878038
15.23076923;1.235954;1.878211
15.24073049;1.232503;1.878428
15.25069175;1.228993;1.878493
15.26065302;1.225595;1.878519
15.27061428;1.222461;1.878611
15.28057554;1.219245;1.878626
15.2905368;1.215803;1.878837
15.30049806;1.212472;1.879041
15.31045932;1.209329;1.879107
15.32042059;1.205997;1.87925
15.33038185;1.202356;1.87948
15.34034311;1.198848;1.879463
15.35030437;1.195589;1.879315
15.36026563;1.1923;1.879589
15.3702269;1.189116;1.879731
15.38018816;1.185938;1.879781
15.39014942;1.182516;1.880022
15.40011068;1.179077;1.880028
15.41007194;1.175764;1.880352
15.4200332;1.172141;1.880459
15.42999447;1.168469;1.880622
15.43995573;1.165316;1.880724
15.44991699;1.162302;1.880869
15.45987825;1.159052;1.880921
15.46983951;1.155765;1.880982
15.47980077;1.15246;1.881059
15.48976204;1.149002;1.881133
15.4997233;1.145581;1.881348
15.50968456;1.142072;1.881367
15.51964582;1.138585;1.881303
15.52960708;1.13553;1.881442
15.53956835;1.13237;1.881521
15.54952961;1.128943;1.881493
15.55949087;1.125685;1.881619
15.56945213;1.122178;1.881687
15.57941339;1.118774;1.88179
15.58937465;1.115601;1.88201
15.59933592;1.111892;1.881978
15.60929718;1.108491;1.882066
15.61925844;1.105434;1.882271
15.6292197;1.10201;1.882277
15.63918096;1.098688;1.882344
15.64914222;1.095359;1.882462
15.65910349;1.09181;1.882507
15.66906475;1.088358;1.882754
15.67902601;1.084986;1.882869
15.68898727;1.081805;1.882898
15.69894853;1.078702;1.883178
15.7089098;1.07539;1.883023
15.71887106;1.072193;1.883051
15.72883232;1.069109;1.882943
15.73879358;1.065991;1.882606
15.74875484;1.06302;1.882107
15.7587161;1.060148;1.88156
15.76867737;1.057159;1.880637
15.77863863;1.054392;1.879932
15.78859989;1.051373;1.879017
15.79856115;1.048308;1.878085
15.80852241;1.04551;1.877185
15.81848367;1.042499;1.875978
15.82844494;1.039611;1.875165
15.8384062;1.036578;1.874073
15.84836746;1.033612;1.873162
15.85832872;1.030713;1.871963
15.86828998;1.02754;1.870749
15.87825125;1.024522;1.869381
15.88821251;1.021675;1.867831
15.89817377;1.018824;1.866921
15.90813503;1.015557;1.865499
15.91809629;1.012058;1.86395
15.92805755;1.009119;1.862515
15.93801882;1.00623;1.860891
15.94798008;1.002611;1.859133
15.95794134;0.999138;1.857769
15.9679026;0.995992;1.85603
15.97786386;0.992776;1.853876
15.98782512;0.989744;1.852063
15.99778639;0.986294;1.850123
16.00774765;0.983036;1.848373
16.01770891;0.980085;1.846714
16.02767017;0.976123;1.844649
16.03763143;0.972712;1.842947
16.0475927;0.969808;1.840886
16.05755396;0.966258;1.839067
16.06751522;0.96271;1.837057
16.07747648;0.959095;1.835288
16.08743774;0.955063;1.833231
16.097399;0.951619;1.831025
16.10736027;0.948196;1.828816
16.11732153;0.944648;1.826882
16.12728279;0.940908;1.824622
16.13724405;0.937006;1.822162
16.14720531;0.933611;1.82001
16.15716657;0.929921;1.817413
16.16712784;0.926263;1.815094
16.1770891;0.922555;1.812462
16.18705036;0.918716;1.810017
16.19701162;0.915223;1.807508
16.20697288;0.911426;1.804937
16.21693414;0.907658;1.802337
16.22689541;0.903965;1.799683
16.23685667;0.899848;1.797074
16.24681793;0.896277;1.794343
16.25677919;0.892447;1.791721
16.26674045;0.887887;1.788934
16.27670172;0.88422;1.786005
16.28666298;0.880646;1.783282
16.29662424;0.876448;1.780757
16.3065855;0.872255;1.777844
16.31654676;0.868423;1.77488
16.32650802;0.864785;1.772163
16.33646929;0.860707;1.769182
16.34643055;0.856384;1.766463
16.35639181;0.852502;1.763612
16.36635307;0.8487;1.760769
16.37631433;0.844853;1.758071
16.38627559;0.840813;1.755245
16.39623686;0.836768;1.752196
16.40619812;0.833202;1.749623
16.41615938;0.829037;1.746882
16.42612064;0.824742;1.743932
16.4360819;0.821059;1.741257
16.44604317;0.817172;1.738701
16.45600443;0.813142;1.735885
16.46596569;0.809112;1.732705
16.47592695;0.8051;1.730307
16.48588821;0.800965;1.727733
16.49584947;0.796869;1.724878
16.50581074;0.793105;1.721872
16.515772;0.789366;1.71936
16.52573326;0.785159;1.716858
16.53569452;0.780973;1.714048
16.54565578;0.777174;1.711036
16.55561704;0.773495;1.708567
16.56557831;0.769671;1.706148
16.57553957;0.765541;1.703298
16.58550083;0.761486;1.700348
16.59546209;0.758055;1.697711
16.60542335;0.754308;1.69554
16.61538462;0.749979;1.692495
16.62534588;0.746054;1.689826
16.63530714;0.742246;1.687045
16.6452684;0.738443;1.684707
16.65522966;0.734441;1.682114
16.66519092;0.730274;1.678994
16.67515219;0.72665;1.676351
16.68511345;0.72304;1.673451
16.69507471;0.719096;1.671097
16.70503597;0.714703;1.668264
16.71499723;0.710618;1.665333
16.72495849;0.707307;1.662502
16.73491976;0.703645;1.659861
16.74488102;0.699316;1.657053
16.75484228;0.69526;1.654355
16.76480354;0.691629;1.651452
16.7747648;0.688102;1.648672
16.78472607;0.684032;1.645981
16.79468733;0.679671;1.643156
16.80464859;0.676019;1.640444
16.81460985;0.672493;1.637503
16.82457111;0.668596;1.634959
16.83453237;0.66451;1.631985
16.84449364;0.660856;1.629468
16.8544549;0.657049;1.626647
16.86441616;0.653135;1.623916
16.87437742;0.64943;1.621346
16.88433868;0.64549;1.61844
16.89429994;0.6417;1.61581
16.90426121;0.637946;1.61314
16.91422247;0.634091;1.610405
16.92418373;0.630256;1.60776
16.93414499;0.626209;1.604984
16.94410625;0.622447;1.602184
16.95406752;0.618985;1.599707
16.96402878;0.614852;1.596904
16.97399004;0.610827;1.594221
16.9839513;0.607203;1.591397
16.99391256;0.603437;1.588865
17.00387382;0.599468;1.586228
17.01383509;0.595484;1.583704
17.02379635;0.591486;1.581072
17.03375761;0.58782;1.578493
17.04371887;0.584266;1.575654
17.05368013;0.580092;1.573229
17.06364139;0.575838;1.570416
17.07360266;0.572458;1.568015
17.08356392;0.568514;1.565147
17.09352518;0.564277;1.562376
17.10348644;0.560641;1.559871
17.1134477;0.556836;1.557151
17.12340897;0.552859;1.554374
17.13337023;0.549085;1.551437
17.14333149;0.545268;1.548978
17.15329275;0.541402;1.546276
17.16325401;0.537448;1.543464
17.17321527;0.533685;1.540551
17.18317654;0.530167;1.537917
17.1931378;0.526088;1.535263
17.20309906;0.522118;1.532485
17.21306032;0.518483;1.529592
17.22302158;0.514714;1.526599
17.23298284;0.511113;1.524153
17.24294411;0.507014;1.521412
17.25290537;0.503203;1.518302
17.26286663;0.499937;1.515708
17.27282789;0.496427;1.513104
17.28278915;0.492559;1.510547
17.29275042;0.488486;1.507725
17.30271168;0.484897;1.504924
17.31267294;0.481484;1.502431
17.3226342;0.477709;1.500184
17.33259546;0.473672;1.497294
17.34255672;0.469945;1.49473
17.35251799;0.466556;1.49184
17.36247925;0.46311;1.489484
17.37244051;0.459181;1.486887
17.38240177;0.455086;1.484385
17.39236303;0.451456;1.481256
17.40232429;0.448573;1.478868
17.41228556;0.444965;1.476371
17.42224682;0.440669;1.473745
17.43220808;0.43685;1.471435
17.44216934;0.433532;1.468419
17.4521306;0.43048;1.466002
17.46209186;0.426831;1.4635
17.47205313;0.422592;1.460815
17.48201439;0.419214;1.458359
17.49197565;0.416027;1.455643
17.50193691;0.412356;1.453058
17.51189817;0.408566;1.450404
17.52185944;0.404815;1.447695
17.5318207;0.401496;1.44523
17.54178196;0.398054;1.442415
17.55174322;0.394367;1.439939
17.56170448;0.39065;1.437094
17.57166574;0.387154;1.434474
17.58162701;0.383722;1.431714
17.59158827;0.380073;1.429231
17.60154953;0.376091;1.426609
17.61151079;0.372501;1.424097
17.62147205;0.369129;1.421352
17.63143331;0.365558;1.418647
17.64139458;0.361858;1.416116
17.65135584;0.357994;1.413451
17.6613171;0.354484;1.410905
17.67127836;0.351003;1.408318
17.68123962;0.347259;1.405655
17.69120089;0.343465;1.403148
17.70116215;0.33975;1.400441
17.71112341;0.336274;1.397991
17.72108467;0.33257;1.395331
17.73104593;0.328823;1.392712
17.74100719;0.324968;1.390083
17.75096846;0.321213;1.387196
17.76092972;0.318204;1.383543
17.77089098;0.315569;1.379723
17.78085224;0.313415;1.376111
17.7908135;0.311466;1.372824
17.80077476;0.309323;1.37002
17.81073603;0.307066;1.367954
17.82069729;0.30417;1.366407
17.83065855;0.301349;1.364984
17.84061981;0.299456;1.363749
17.85058107;0.297553;1.362758
17.86054234;0.295605;1.361922
17.8705036;0.294054;1.361242
17.88046486;0.292217;1.360455
17.89042612;0.290532;1.360017
17.90038738;0.289115;1.359494
17.91034864;0.287534;1.359143
17.92030991;0.286189;1.358715
17.93027117;0.284941;1.358455
17.94023243;0.283692;1.358223
17.95019369;0.282636;1.358011
17.96015495;0.281497;1.35797
17.97011621;0.280466;1.357874
17.98007748;0.279552;1.357937
17.99003874;0.278614;1.358056
18;0.277785;1.358246
18.00996126;0.276846;1.358488
18.01992252;0.275928;1.35868
18.02988379;0.275158;1.358916
18.03984505;0.274414;1.359192
18.04980631;0.273752;1.359481
18.05976757;0.273101;1.359798
18.06972883;0.272465;1.360106
18.07969009;0.271932;1.360423
18.08965136;0.271454;1.360709
18.09961262;0.271065;1.360941
18.10957388;0.270771;1.361154
18.11953514;0.270479;1.361333
18.1294964;0.270225;1.361469
18.13945766;0.270003;1.361576
18.14941893;0.269821;1.361648
18.15938019;0.269705;1.361689
18.16934145;0.269605;1.361693
18.17930271;0.269544;1.361689
18.18926397;0.269509;1.361679
18.19922524;0.269503;1.361668
18.2091865;0.269535;1.36165
18.21914776;0.269593;1.361638
18.22910902;0.269672;1.361621
18.23907028;0.269773;1.361618
18.24903154;0.269885;1.361624
18.25899281;0.270007;1.36163
18.26895407;0.270136;1.361644
18.27891533;0.270262;1.361645
18.28887659;0.270395;1.361657
18.29883785;0.27052;1.361664
18.30879911;0.270651;1.361675
18.31876038;0.270773;1.36168
18.32872164;0.270896;1.361686
18.3386829;0.271023;1.361688
18.34864416;0.271132;1.361681
18.35860542;0.271244;1.36168
18.36856669;0.271348;1.361675
18.37852795;0.271445;1.361675
18.38848921;0.27153;1.361675
